comp_name	index	attr_name	attr_type	note
AchievementFilter	0			
AchievementFilter	1	m_ValidFor	Colossal.PSI.Common.AchievementId[]	
AchievementFilter	2	m_NotValidFor	Colossal.PSI.Common.AchievementId[]	
ActivityLocation	0			
ActivityLocation	1	m_Locations	Game.Prefabs.ActivityLocation+LocationInfo[]	
ActivityLocation	2	m_InvertWhen	Game.Prefabs.NetInvertMode	
ActivityLocation	3	m_AnimatedPropName	System.String	
ActivityLocation	4	m_RequireAuthorization	System.Boolean	
ActivityLocationPrefab	0			
ActivityLocationPrefab	1	m_Activities	Game.Prefabs.ActivityType[]	
ActivityPropPrefab	0			
ActivityPropPrefab	1	m_BoneCount	System.Int32	
ActivityPropPrefab	2	m_Animations	Game.Prefabs.ActivityPropPrefab+AnimationInfo[]	
ActivityPropPrefab	3	m_Meshes	Game.Prefabs.ObjectMeshInfo[]	
ActivityPropPrefab	4	m_Circular	System.Boolean	
AdministrationBuilding	0			
AgeStatistic	0			
AgeStatistic	1	m_AgeGroups	Game.Prefabs.PopulationAgeGroupInfo[]	
AgeStatistic	2	m_Category	Game.Prefabs.UIStatisticsCategoryPrefab	
AgeStatistic	3	m_Group	Game.Prefabs.UIStatisticsGroupPrefab	
AgeStatistic	4	m_StatisticsType	Game.City.StatisticType	
AgeStatistic	5	m_CollectionType	Game.City.StatisticCollectionType	
AgeStatistic	6	m_UnitType	Game.City.StatisticUnitType	
AgeStatistic	7	m_Color	UnityEngine.Color	
AgeStatistic	8	m_Stacked	System.Boolean	
AggregateNetPrefab	0			
AirplanePrefab	0			
AirplanePrefab	1	m_FlyingSpeed	Unity.Mathematics.float2	
AirplanePrefab	2	m_FlyingAcceleration	System.Single	
AirplanePrefab	3	m_FlyingBraking	System.Single	
AirplanePrefab	4	m_FlyingTurning	System.Single	
AirplanePrefab	5	m_FlyingAngularAcceleration	System.Single	
AirplanePrefab	6	m_ClimbAngle	System.Single	
AirplanePrefab	7	m_SlowPitchAngle	System.Single	
AirplanePrefab	8	m_TurningRollFactor	System.Single	
AirplanePrefab	9	m_SizeClass	Game.Vehicles.SizeClass	
AirplanePrefab	10	m_GroundMaxSpeed	System.Single	
AirplanePrefab	11	m_GroundAcceleration	System.Single	
AirplanePrefab	12	m_GroundBraking	System.Single	
AirplanePrefab	13	m_GroundTurning	Unity.Mathematics.float2	
AirplanePrefab	14	m_Meshes	Game.Prefabs.ObjectMeshInfo[]	
AirplanePrefab	15	m_Circular	System.Boolean	
AmbienceEmitterPrefab	0			
AmbienceEmitterPrefab	1	m_AmbienceType	Game.Simulation.GroupAmbienceType	
AmbienceEmitterPrefab	2	m_Intensity	System.Single	
Ambulance	0			
Ambulance	1	m_PatientCapacity	System.Int32	
AnimalPrefab	0			
AnimalPrefab	1	m_MoveSpeed	System.Single	
AnimalPrefab	2	m_Acceleration	System.Single	
AnimalPrefab	3	m_Gender	Game.Prefabs.GenderMask	
AnimalPrefab	4	m_Meshes	Game.Prefabs.ObjectMeshInfo[]	
AnimalPrefab	5	m_Circular	System.Boolean	
AreasConfigurationPrefab	0			
AreasConfigurationPrefab	1	m_DefaultDistrictPrefab	Game.Prefabs.AreaPrefab	
AreasConfigurationPrefab	2	m_RenderedAreaMaterial	UnityEngine.Material	
AreasConfigurationPrefab	3	m_BuildableLandMaxSlope	Colossal.Mathematics.Bounds1	~Maximum slope that is considered buildable land, for display in the map selection screen.
Min and below: Fully buildable, Max and above: Not buildable~
AreaSubObjects	0			
AreaSubObjects	1	m_SubObjects	Game.Prefabs.AreaSubObjectInfo[]	
AreaTypePrefab	0			
AreaTypePrefab	1	m_Type	Game.Areas.AreaType	
AreaTypePrefab	2	m_Material	UnityEngine.Material	
AreaTypePrefab	3	m_NameMaterial	UnityEngine.Material	
AssetPackItem	0			
AssetPackItem	1	m_Packs	Game.Prefabs.AssetPackPrefab[]	
AssetPackPrefab	0			
AssetStampPrefab	0			
AssetStampPrefab	1	m_Width	System.Int32	
AssetStampPrefab	2	m_Depth	System.Int32	
AssetStampPrefab	3	m_ConstructionCost	System.UInt32	
AssetStampPrefab	4	m_UpKeepCost	System.UInt32	
AsymmetricPieceMesh	0			
AsymmetricPieceMesh	1	m_Sideways	System.Boolean	
AsymmetricPieceMesh	2	m_Lengthwise	System.Boolean	
AtmosphereProperties	0			
AtmosphereProperties	1	m_AuroraBorealisEmissionMultiplier	UnityEngine.Rendering.MinFloatParameter	
AtmosphereProperties	2	m_AuroraBorealisSpeedMultiplier	UnityEngine.Rendering.MinFloatParameter	
AtmosphereProperties	3	m_InterpolationMode	Game.Prefabs.Climate.OverrideablePropertiesComponent+InterpolationMode	
AtmosphereProperties	4	m_InterpolationTime	System.Single	
AttachedObject	0			
AttachedObject	1	m_AttachType	Game.Prefabs.AttachedObjectType	
AttachedObject	2	m_AttachOffset	System.Single	
Attraction	0			
Attraction	1	m_Attractiveness	System.Int32	
AttractivenessParametersPrefab	0			
AttractivenessParametersPrefab	1	m_ForestEffect	System.Single	
AttractivenessParametersPrefab	2	m_ForestDistance	System.Single	
AttractivenessParametersPrefab	3	m_ShoreEffect	System.Single	
AttractivenessParametersPrefab	4	m_ShoreDistance	System.Single	
AttractivenessParametersPrefab	5	m_HeightBonus	Unity.Mathematics.float3	zero level in m, effect % per m, max effect %
AttractivenessParametersPrefab	6	m_AttractiveTemperature	Unity.Mathematics.float2	Temperature that attract more tourists, between x and y, reach max effect when it's the middle of the temperature range
AttractivenessParametersPrefab	7	m_ExtremeTemperature	Unity.Mathematics.float2	Extreme temperature that reduce the tourism, below x or above y, reach max effect when there are 10 degree difference
AttractivenessParametersPrefab	8	m_RainEffectRange	Unity.Mathematics.float2	Rain that affect tourism, precipitation x: start of punishment, y:max punishment to m_SnowRainExtremeAffect.y
AttractivenessParametersPrefab	9	m_SnowEffectRange	Unity.Mathematics.float2	Snow that affect tourism, precipitation x: start of positive effect, y:max effect to m_SnowRainExtremeAffect.x
AttractivenessParametersPrefab	10	m_TemperatureAffect	Unity.Mathematics.float2	x:the attractiveness added to current when temperature inside of AttractiveTemperature, y:the attractiveness reduced from current when temperature inside of ExtremeTemperature
AttractivenessParametersPrefab	11	m_SnowRainExtremeAffect	Unity.Mathematics.float3	x:snowing weather affect, y:raining weather affect, z:extreme weather like storm,hail
AudioGroupingMiscSettings	0			
AudioGroupingMiscSettings	1	m_ForestFireDistance	System.Single	
AudioGroupingSettingsPrefab	0			
AudioGroupingSettingsPrefab	1	m_Settings	Game.Prefabs.AudioGroupSettings[]	
AudioRandomize	0			
AudioRandomize	1	m_SFXes	Game.Prefabs.EffectPrefab[]	
AudioSettingsPrefab	0			
AudioSettingsPrefab	1	m_Effects	Game.Prefabs.EffectPrefab[]	
AudioSettingsPrefab	2	m_MinHeight	System.Single	
AudioSettingsPrefab	3	m_MaxHeight	System.Single	
AudioSettingsPrefab	4	m_OverlapRatio	System.Single	
AudioSettingsPrefab	5	m_MinDistanceRatio	System.Single	
AudioSettingsPrefab	6	m_FireCullMaxAmount	System.Int32	
AudioSettingsPrefab	7	m_FireCullMaxDistance	System.Single	
AudioSettingsPrefab	8	m_CarEngineCullMaxAmount	System.Int32	
AudioSettingsPrefab	9	m_CarEngineCullMaxDistance	System.Single	
AudioSettingsPrefab	10	m_PublicTransCullMaxAmount	System.Int32	
AudioSettingsPrefab	11	m_PublicTransCullMaxDistance	System.Single	
AudioSpot	0			
AudioSpot	1	m_SFXes	Game.Prefabs.EffectPrefab[]	
AudioSpot	2	m_MinimumInterval	System.Single	
AudioSpot	3	m_MaximumInterval	System.Single	
AuxiliaryLanes	0			
AuxiliaryLanes	1	m_AuxiliaryLanes	Game.Prefabs.AuxiliaryLaneInfo[]	
AuxiliaryNets	0			
AuxiliaryNets	1	m_LinkEndOffsets	System.Boolean	
AuxiliaryNets	2	m_AuxiliaryNets	Game.Prefabs.AuxiliaryNetInfo[]	
BaseProperties	0			
BaseProperties	1	m_BaseType	Game.Prefabs.RenderPrefab	
BaseProperties	2	m_UseMinBounds	System.Boolean	
Battery	0			
Battery	1	m_PowerOutput	System.Int32	
Battery	2	m_Capacity	System.Int32	
BicyclePrefab	0			
BicyclePrefab	1	m_MaxSpeed	System.Single	
BicyclePrefab	2	m_Acceleration	System.Single	
BicyclePrefab	3	m_Braking	System.Single	
BicyclePrefab	4	m_Turning	Unity.Mathematics.float2	
BicyclePrefab	5	m_Stiffness	System.Single	
BicyclePrefab	6	m_Meshes	Game.Prefabs.ObjectMeshInfo[]	
BicyclePrefab	7	m_Circular	System.Boolean	
BrandChirpPrefab	0			
BrandObject	0			
BrandObject	1	m_Brand	Game.Prefabs.BrandPrefab	
BrandPrefab	0			
BrandPrefab	1	m_Companies	Game.Prefabs.CompanyPrefab[]	
BrandPrefab	2	m_BrandColors	UnityEngine.Color[]	
Bridge	0			
Bridge	1	m_SegmentLength	System.Single	
Bridge	2	m_Hanging	System.Single	
Bridge	3	m_ElevationOnWater	System.Single	
Bridge	4	m_CanCurve	System.Boolean	
Bridge	5	m_AllowMinimalLength	System.Boolean	
Bridge	6	m_WaterFlow	Game.Prefabs.BridgeWaterFlow	
Bridge	7	m_BuildStyle	Game.Prefabs.BridgeBuildStyle	
Bridge	8	m_FixedSegments	Game.Prefabs.FixedNetSegmentInfo[]	
BrushPrefab	0			
BrushPrefab	1	m_Texture	UnityEngine.Texture2D	
BrushPrefab	2	m_Priority	System.Int32	
BuildableNetPiece	0			
BuildableNetPiece	1	m_Position	Unity.Mathematics.float3	
BuildableNetPiece	2	m_Width	System.Single	
BuildableNetPiece	3	m_SnapPosition	Unity.Mathematics.float3	
BuildableNetPiece	4	m_SnapWidth	System.Single	
BuildableNetPiece	5	m_AllowOnBridge	System.Boolean	
BuildingConfigurationPrefab	0			
BuildingConfigurationPrefab	1	m_BuildingConditionIncrement	Unity.Mathematics.int3	The building condition increase when building received enough upkeep cost, change 16 times per game day, x-residential, y-commercial, z-industrial
BuildingConfigurationPrefab	2	m_BuildingConditionDecrement	System.Int32	The building condition decrease when building can't pay enough upkeep cost, change 16 times per game day
BuildingConfigurationPrefab	3	m_AbandonedBuildingLocalEffects	Game.Prefabs.LocalEffectsPrefab	
BuildingConfigurationPrefab	4	m_AbandonedCollapsedBuildingLocalEffects	Game.Prefabs.LocalEffectsPrefab	
BuildingConfigurationPrefab	5	m_AbandonedCollapsedNotification	Game.Prefabs.NotificationIconPrefab	
BuildingConfigurationPrefab	6	m_AbandonedNotification	Game.Prefabs.NotificationIconPrefab	
BuildingConfigurationPrefab	7	m_CondemnedNotification	Game.Prefabs.NotificationIconPrefab	
BuildingConfigurationPrefab	8	m_LevelUpNotification	Game.Prefabs.NotificationIconPrefab	
BuildingConfigurationPrefab	9	m_TurnedOffNotification	Game.Prefabs.NotificationIconPrefab	
BuildingConfigurationPrefab	10	m_ElectricityConnectionLane	Game.Prefabs.NetLanePrefab	
BuildingConfigurationPrefab	11	m_SewageConnectionLane	Game.Prefabs.NetLanePrefab	
BuildingConfigurationPrefab	12	m_WaterConnectionLane	Game.Prefabs.NetLanePrefab	
BuildingConfigurationPrefab	13	m_AbandonedDestroyDelay	System.UInt32	
BuildingConfigurationPrefab	14	m_HighRentNotification	Game.Prefabs.NotificationIconPrefab	
BuildingConfigurationPrefab	15	m_DefaultRenterBrand	Game.Prefabs.BrandPrefab	
BuildingConfigurationPrefab	16	m_ConstructionSurface	Game.Prefabs.AreaPrefab	
BuildingConfigurationPrefab	17	m_ConstructionBorder	Game.Prefabs.NetLanePrefab	
BuildingConfigurationPrefab	18	m_ConstructionObject	Game.Prefabs.ObjectPrefab	
BuildingConfigurationPrefab	19	m_CollapsedObject	Game.Prefabs.ObjectPrefab	
BuildingConfigurationPrefab	20	m_CollapseVFX	Game.Prefabs.EffectPrefab	
BuildingConfigurationPrefab	21	m_CollapseSFX	Game.Prefabs.EffectPrefab	
BuildingConfigurationPrefab	22	m_CollapseSFXDensity	System.Single	
BuildingConfigurationPrefab	23	m_CollapsedSurface	Game.Prefabs.AreaPrefab	
BuildingConfigurationPrefab	24	m_FireLoopSFX	Game.Prefabs.EffectPrefab	
BuildingConfigurationPrefab	25	m_FireSpotSFX	Game.Prefabs.EffectPrefab	
BuildingConfigurationPrefab	26	m_LevelUpResources	Game.Prefabs.LevelUpResource[]	
BuildingConfigurationPrefab	27	m_LevelingBuildingNotificationPrefab	Game.Prefabs.NotificationIconPrefab	
BuildingEfficiency	0			
BuildingEfficiencyParametersPrefab	0			
BuildingEfficiencyParametersPrefab	1	m_ServiceBudgetEfficiencyFactor	UnityEngine.AnimationCurve	How the service budget (between 0.5 and 1.5) correlates the service budget efficiency factor
BuildingEfficiencyParametersPrefab	2	m_LowEfficiencyThreshold	System.Single	If the building efficiency drops below this threshold, the 'low efficiency' flag is applied, which disables certain vfx/sfx
BuildingEfficiencyParametersPrefab	3	m_ElectricityPenalty	System.Single	Efficiency penalty when not enough electricity is supplied
BuildingEfficiencyParametersPrefab	4	m_ElectricityPenaltyDelay	System.Int16	~Interval in ticks until no electricity efficiency penalty is fully applied. One tick equals ~~1.42 ingame minutes.~
BuildingEfficiencyParametersPrefab	5	m_ElectricityFeeFactor	UnityEngine.AnimationCurve	Defines how the electricity fee efficiency factor correlates to the electricity fee (0-200%)
BuildingEfficiencyParametersPrefab	6	m_WaterPenalty	System.Single	Efficiency penalty when not enough water is supplied
BuildingEfficiencyParametersPrefab	7	m_WaterPenaltyDelay	System.Byte	~Delay in ticks until no water efficiency penalty is fully applied. One tick equals ~~1.42 ingame minutes.~
BuildingEfficiencyParametersPrefab	8	m_WaterPollutionPenalty	System.Single	Efficiency penalty when supplied fresh water is dirty
BuildingEfficiencyParametersPrefab	9	m_SewagePenalty	System.Single	Efficiency penalty when sewage is not handled
BuildingEfficiencyParametersPrefab	10	m_SewagePenaltyDelay	System.Byte	~Delay in ticks until no sewage efficiency penalty is fully applied. One tick equals ~~1.42 ingame minutes.~
BuildingEfficiencyParametersPrefab	11	m_WaterFeeFactor	UnityEngine.AnimationCurve	Defines how the water fee efficiency factor correlates to the water fee (0-200%)
BuildingEfficiencyParametersPrefab	12	m_GarbagePenalty	System.Single	Efficiency penalty when garbage has accumulated
BuildingEfficiencyParametersPrefab	13	m_NegligibleMail	System.Int32	Amount of mail that is tolerated by the building before efficiency drops
BuildingEfficiencyParametersPrefab	14	m_MailEfficiencyPenalty	System.Single	Efficiency penalty when too much mail is accumulated
BuildingEfficiencyParametersPrefab	15	m_TelecomBaseline	System.Single	Minimum telecom network quality required before telecom efficiency penalty is applied
BuildingEfficiencyParametersPrefab	16	m_MissingEmployeesEfficiencyPenalty	System.Single	Efficiency penalty when the building has no employees (scales proportionally)
BuildingEfficiencyParametersPrefab	17	m_MissingEmployeesEfficiencyDelay	System.Int16	Delay in ticks until 'not enough employees' penalty is fully applied (512 ticks per day)
BuildingEfficiencyParametersPrefab	18	m_ServiceBuildingEfficiencyGracePeriod	System.Int16	Extra grace period in ticks for service buildings before 'not enough employees' efficiency starts dropping (512 ticks per day)
BuildingEfficiencyParametersPrefab	19	m_SickEmployeesEfficiencyPenalty	System.Single	Efficiency penalty when all employees are sick (scales proportionally)
BuildingExtensionPrefab	0			
BuildingExtensionPrefab	1	m_ExternalLot	System.Boolean	
BuildingExtensionPrefab	2	m_Position	Unity.Mathematics.float3	
BuildingExtensionPrefab	3	m_OverrideLotSize	Unity.Mathematics.int2	
BuildingExtensionPrefab	4	m_OverrideHeight	System.Single	
BuildingExtensionPrefab	5	m_Meshes	Game.Prefabs.ObjectMeshInfo[]	
BuildingExtensionPrefab	6	m_Circular	System.Boolean	
BuildingInfomodePrefab	0			
BuildingInfomodePrefab	1	m_Type	Game.Prefabs.BuildingType	
BuildingInfomodePrefab	2	m_Color	UnityEngine.Color	
BuildingInfomodePrefab	3	m_IncludeInGroups	Game.Prefabs.InfomodeGroupPrefab[]	
BuildingInfomodePrefab	4	m_Priority	System.Int32	
BuildingInfomodePrefab	5	editor	System.Boolean	
BuildingMarker	0			
BuildingMarker	1	m_BuildingType	Game.Prefabs.BuildingType	
BuildingModifiers	0			
BuildingModifiers	1	m_Modifiers	Game.Prefabs.BuildingModifierInfo[]	
BuildingModules	0			
BuildingModules	1	m_Modules	Game.Prefabs.PrefabBase[]	
BuildingOptions	0			
BuildingOptions	1	m_Options	Game.Buildings.BuildingOption[]	
BuildingPrefab	0			
BuildingPrefab	1	m_AccessType	Game.Prefabs.BuildingAccessType	
BuildingPrefab	2	m_LotWidth	System.Int32	
BuildingPrefab	3	m_LotDepth	System.Int32	
BuildingPrefab	4	m_Meshes	Game.Prefabs.ObjectMeshInfo[]	
BuildingPrefab	5	m_Circular	System.Boolean	
BuildingProperties	0			
BuildingProperties	1	m_ResidentialProperties	System.Int32	Having this component OVERRIDES the Apartment amount calculation which would otherwise come from Zone Prefab (Zone Properties component). Inserting value here will define the maximum amount of Apartments this building can have.
BuildingProperties	2	m_AllowedSold	Game.Economy.ResourceInEditor[]	Having this component OVERRIDES the value that would come from the Zone Prefab Zone Properties component. The listed resources can be sold by the property.
BuildingProperties	3	m_AllowedInput	Game.Economy.ResourceInEditor[]	Having this component OVERRIDES the value that would come from the Zone Prefab Zone Properties component. The listed resources can be used by the property. Can be left empty.
BuildingProperties	4	m_AllowedManufactured	Game.Economy.ResourceInEditor[]	Having this component OVERRIDES the value that would come from the Zone Prefab Zone Properties component. The listed resources can be manufactured by the property.
BuildingProperties	5	m_AllowedStored	Game.Economy.ResourceInEditor[]	Having this component OVERRIDES the value that would come from the Zone Prefab Zone Properties component. The listed resources can be stored by the property.
BuildingProperties	6	m_SpaceMultiplier	System.Single	Having this component OVERRIDES the value that would come from the Zone Prefab Zone Properties component. Space Multiplier represents the abstraction of amount of floors in a building. If the value on Space Multiplier is high the Apartments will be bigger. Does not affect how many Apartments are in a building. If value of Residential Properties is higher than Space Multiplier, then the zone type will be High Density, otherwise it will be Medium Density.
BuildingStateInfomodePrefab	0			
BuildingStateInfomodePrefab	1	m_Type	Game.Prefabs.BuildingStatusType	
BuildingStateInfomodePrefab	2	m_Color	UnityEngine.Color	
BuildingStateInfomodePrefab	3	m_IncludeInGroups	Game.Prefabs.InfomodeGroupPrefab[]	
BuildingStateInfomodePrefab	4	m_Priority	System.Int32	
BuildingStateInfomodePrefab	5	editor	System.Boolean	
BuildingStatusInfomodePrefab	0			
BuildingStatusInfomodePrefab	1	m_Type	Game.Prefabs.BuildingStatusType	
BuildingStatusInfomodePrefab	2	m_Range	Colossal.Mathematics.Bounds1	
BuildingStatusInfomodePrefab	3	m_Low	UnityEngine.Color	
BuildingStatusInfomodePrefab	4	m_Medium	UnityEngine.Color	
BuildingStatusInfomodePrefab	5	m_High	UnityEngine.Color	
BuildingStatusInfomodePrefab	6	m_Steps	System.Int32	
BuildingStatusInfomodePrefab	7	m_LegendType	Game.Prefabs.GradientLegendType	
BuildingStatusInfomodePrefab	8	m_LowLabelId	System.String	Good, Bad, Low, High, Weak, Strong, Old, Young
BuildingStatusInfomodePrefab	9	m_MediumLabelId	System.String	
BuildingStatusInfomodePrefab	10	m_HighLabelId	System.String	Good, Bad, Low, High, Weak, Strong, Old, Young
BuildingStatusInfomodePrefab	11	m_IncludeInGroups	Game.Prefabs.InfomodeGroupPrefab[]	
BuildingStatusInfomodePrefab	12	m_Priority	System.Int32	
BuildingStatusInfomodePrefab	13	editor	System.Boolean	
BuildingTerraformOverride	0			
BuildingTerraformOverride	1	m_LevelMinOffset	Unity.Mathematics.float2	
BuildingTerraformOverride	2	m_LevelMaxOffset	Unity.Mathematics.float2	
BuildingTerraformOverride	3	m_LevelFrontLeft	Unity.Mathematics.float2	
BuildingTerraformOverride	4	m_LevelFrontRight	Unity.Mathematics.float2	
BuildingTerraformOverride	5	m_LevelBackLeft	Unity.Mathematics.float2	
BuildingTerraformOverride	6	m_LevelBackRight	Unity.Mathematics.float2	
BuildingTerraformOverride	7	m_SmoothMinOffset	Unity.Mathematics.float2	
BuildingTerraformOverride	8	m_SmoothMaxOffset	Unity.Mathematics.float2	
BuildingTerraformOverride	9	m_HeightOffset	System.Single	
BuildingTerraformOverride	10	m_AdditionalSmoothAreas	Game.Prefabs.BuildingTerraformOverride+SubLot[]	
BuildingTerraformOverride	11	m_DontRaise	System.Boolean	
BuildingTerraformOverride	12	m_DontLower	System.Boolean	
BulldozePrefab	0			
CalendarEvent	0			
CalendarEvent	1	m_RandomTargetType	Game.Prefabs.EventTargetType	
CalendarEvent	2	m_AffectedProbability	Colossal.Mathematics.Bounds1	
CalendarEvent	3	m_OccurenceProbability	Colossal.Mathematics.Bounds1	
CalendarEvent	4	m_AllowedMonths	Game.Prefabs.CalendarEventMonths	
CalendarEvent	5	m_AllowedTimes	Game.Prefabs.CalendarEventTimes	
CalendarEvent	6	m_Duration	System.Int32	In fourths of a day
CargoTransport	0			
CargoTransport	1	m_CargoCapacity	System.Int32	
CargoTransport	2	m_MaxResourceCount	System.Int32	
CargoTransport	3	m_MaintenanceRange	System.Single	
CargoTransport	4	m_TransportedResources	Game.Economy.ResourceInEditor[]	
CargoTransportStation	0			
CargoTransportStation	1	m_TradedResources	Game.Economy.ResourceInEditor[]	
CargoTransportStation	2	transports	System.Int32	
CargoTransportStation	3	m_CarRefuelTypes	Game.Vehicles.EnergyTypes	
CargoTransportStation	4	m_TrainRefuelTypes	Game.Vehicles.EnergyTypes	
CargoTransportStation	5	m_WatercraftRefuelTypes	Game.Vehicles.EnergyTypes	
CargoTransportStation	6	m_AircraftRefuelTypes	Game.Vehicles.EnergyTypes	
CargoTransportStation	7	m_LoadingFactor	System.Single	
CargoTransportStation	8	m_WorkMultiplier	System.Single	
CargoTransportStation	9	m_TransportInterval	Unity.Mathematics.int2	
CarLane	0			
CarLane	1	m_NotTrackLane	Game.Prefabs.NetLanePrefab	
CarLane	2	m_NotBusLane	Game.Prefabs.NetLanePrefab	
CarLane	3	m_RoadType	Game.Net.RoadTypes	
CarLane	4	m_MaxSize	Game.Vehicles.SizeClass	
CarLane	5	m_Width	System.Single	
CarLane	6	m_StartingLane	System.Boolean	
CarLane	7	m_EndingLane	System.Boolean	
CarLane	8	m_Twoway	System.Boolean	
CarLane	9	m_BusLane	System.Boolean	
CarPathfind	0			
CarPathfind	1	m_DrivingCost	Game.Prefabs.PathfindCostInfo	
CarPathfind	2	m_TurningCost	Game.Prefabs.PathfindCostInfo	
CarPathfind	3	m_UTurnCost	Game.Prefabs.PathfindCostInfo	
CarPathfind	4	m_UnsafeUTurnCost	Game.Prefabs.PathfindCostInfo	
CarPathfind	5	m_CurveAngleCost	Game.Prefabs.PathfindCostInfo	
CarPathfind	6	m_LaneCrossCost	Game.Prefabs.PathfindCostInfo	
CarPathfind	7	m_ParkingCost	Game.Prefabs.PathfindCostInfo	
CarPathfind	8	m_SpawnCost	Game.Prefabs.PathfindCostInfo	
CarPathfind	9	m_ForbiddenCost	Game.Prefabs.PathfindCostInfo	
CarPrefab	0			
CarPrefab	1	m_SizeClass	Game.Vehicles.SizeClass	
CarPrefab	2	m_EnergyType	Game.Vehicles.EnergyTypes	
CarPrefab	3	m_MaxSpeed	System.Single	
CarPrefab	4	m_Acceleration	System.Single	
CarPrefab	5	m_Braking	System.Single	
CarPrefab	6	m_Turning	Unity.Mathematics.float2	
CarPrefab	7	m_Stiffness	System.Single	
CarPrefab	8	m_Meshes	Game.Prefabs.ObjectMeshInfo[]	
CarPrefab	9	m_Circular	System.Boolean	
CarTractor	0			
CarTractor	1	m_TrailerType	Game.Prefabs.CarTrailerType	
CarTractor	2	m_AttachOffset	Unity.Mathematics.float3	
CarTractor	3	m_FixedTrailer	Game.Prefabs.CarTrailerPrefab	
CarTrailerPrefab	0			
CarTrailerPrefab	1	m_TrailerType	Game.Prefabs.CarTrailerType	
CarTrailerPrefab	2	m_MovementType	Game.Prefabs.TrailerMovementType	
CarTrailerPrefab	3	m_AttachOffset	Unity.Mathematics.float3	
CarTrailerPrefab	4	m_FixedTractor	Game.Prefabs.CarBasePrefab	
CarTrailerPrefab	5	m_SizeClass	Game.Vehicles.SizeClass	
CarTrailerPrefab	6	m_EnergyType	Game.Vehicles.EnergyTypes	
CarTrailerPrefab	7	m_MaxSpeed	System.Single	
CarTrailerPrefab	8	m_Acceleration	System.Single	
CarTrailerPrefab	9	m_Braking	System.Single	
CarTrailerPrefab	10	m_Turning	Unity.Mathematics.float2	
CarTrailerPrefab	11	m_Stiffness	System.Single	
CarTrailerPrefab	12	m_Meshes	Game.Prefabs.ObjectMeshInfo[]	
CarTrailerPrefab	13	m_Circular	System.Boolean	
CharacterGroup	0			
CharacterGroup	1	m_Characters	Game.Prefabs.CharacterGroup+Character[]	
CharacterGroup	2	m_Overrides	Game.Prefabs.CharacterGroup+OverrideInfo[]	
CharacterOverlay	0			
CharacterOverlay	1	m_Index	System.Int32	
CharacterOverlay	2	m_SortOrder	System.Int32	
CharacterOverlay	3	m_sourceRegion	UnityEngine.Rect	
CharacterOverlay	4	m_targetRegion	UnityEngine.Rect	
CharacterProperties	0			
CharacterProperties	1	m_BodyParts	Game.Prefabs.CharacterProperties+BodyPart	
CharacterProperties	2	m_CorrectiveAnimationName	System.String	
CharacterProperties	3	m_AnimatedPropName	System.String	
CharacterProperties	4	m_Overlays	Game.Prefabs.CharacterOverlay[]	
CharacterStyle	0			
CharacterStyle	1	m_ShapeCount	System.Int32	
CharacterStyle	2	m_BoneCount	System.Int32	
CharacterStyle	3	m_Gender	Game.Prefabs.GenderMask	
CharacterStyle	4	m_Animations	Game.Prefabs.CharacterStyle+AnimationInfo[]	
Chirp	0			
Chirp	1	m_Chirps	Game.Prefabs.PrefabBase[]	When the trigger happens, one of these chirps will be selected randomly
ChirperAccount	0			
ChirperAccount	1	m_InfoView	Game.Prefabs.InfoviewPrefab	
ChirpPrefab	0			
CitizenChirpPrefab	0			
CitizenHappinessParameterMode	0			
CitizenHappinessParameterMode	1	m_PollutionBonusDivisor	System.Int32	
CitizenHappinessParameterMode	2	m_MaxAirAndGroundPollutionBonus	System.Int32	
CitizenHappinessParameterMode	3	m_MaxNoisePollutionBonus	System.Int32	
CitizenHappinessParameterMode	4	m_ElectricityWellbeingPenaltyMultiplier	System.Single	
CitizenHappinessParameterMode	5	m_ElectricityPenaltyDelayMultiplier	System.Byte	
CitizenHappinessParameterMode	6	m_ElectricityFeeWellbeingEffect	UnityEngine.AnimationCurve	
CitizenHappinessParameterMode	7	m_WaterHealthPenaltyMultiplier	System.Int32	
CitizenHappinessParameterMode	8	m_WaterWellbeingPenaltyMultiplier	System.Int32	
CitizenHappinessParameterMode	9	m_WaterPenaltyDelayMultiplier	System.Byte	
CitizenHappinessParameterMode	10	m_WaterPollutionMultiplierOverriden	System.Single	
CitizenHappinessParameterMode	11	m_SewageHealthEffectMultiplier	System.Int32	
CitizenHappinessParameterMode	12	m_SewageWellbeingEffectMultiplier	System.Int32	
CitizenHappinessParameterMode	13	m_SewagePenaltyDelayMultiplier	System.Byte	
CitizenHappinessParameterMode	14	m_WaterFeeHealthEffect	UnityEngine.AnimationCurve	
CitizenHappinessParameterMode	15	m_WaterFeeWellbeingEffect	UnityEngine.AnimationCurve	
CitizenHappinessParameterMode	16	m_HealthProblemHealthPenalty	System.Int32	
CitizenHappinessParameterMode	17	m_DeathWellbeingPenalty	System.Int32	
CitizenHappinessParameterMode	18	m_DeathHealthPenalty	System.Int32	
CitizenHappinessParameterMode	19	m_LowWellbeing	System.Int32	
CitizenHappinessParameterMode	20	m_LowHealth	System.Int32	
CitizenHappinessParameterMode	21	m_PenaltyEffect	System.Int32	
CitizenHappinessParameterMode	22	m_HomelessHealthEffect	System.Int32	
CitizenHappinessParameterMode	23	m_HomelessWellbeingEffect	System.Int32	
CitizenHappinessPrefab	0			
CitizenHappinessPrefab	1	m_PollutionDivisor	System.Int32	
CitizenHappinessPrefab	2	m_MaxAirAndGroundPollution	System.Int32	
CitizenHappinessPrefab	3	m_MaxNoisePollution	System.Int32	
CitizenHappinessPrefab	4	m_ElectricityWellbeingPenalty	System.Single	How much the lack of electricity affects well-being
CitizenHappinessPrefab	5	m_ElectricityPenaltyDelay	System.Byte	~Delay in ticks until no electricity happiness penalty is fully applied. One tick equals ~~1.42 ingame minutes.~
CitizenHappinessPrefab	6	m_ElectricityFeeWellbeingEffect	UnityEngine.AnimationCurve	Defines how the electricity fee (0-200%) affects well-being
CitizenHappinessPrefab	7	m_WaterHealthPenalty	System.Int32	How much the lack of water affects health
CitizenHappinessPrefab	8	m_WaterWellbeingPenalty	System.Int32	How much the lack of water affects well-being
CitizenHappinessPrefab	9	m_WaterPenaltyDelay	System.Byte	~Delay in ticks until no water happiness penalty is fully applied. One tick equals ~~1.42 ingame minutes.~
CitizenHappinessPrefab	10	m_WaterPollutionMultiplier	System.Single	How much water pollution affects health
CitizenHappinessPrefab	11	m_SewageHealthEffect	System.Int32	How much the lack of sewage treatment affects health
CitizenHappinessPrefab	12	m_SewageWellbeingEffect	System.Int32	How much the lack of sewage treatment affects well-being
CitizenHappinessPrefab	13	m_SewagePenaltyDelay	System.Byte	~Delay in ticks until no sewage treatment happiness penalty is fully applied. One tick equals ~~1.42 ingame minutes.~
CitizenHappinessPrefab	14	m_WaterFeeHealthEffect	UnityEngine.AnimationCurve	Defines how the water fee (0-200%) affects health
CitizenHappinessPrefab	15	m_WaterFeeWellbeingEffect	UnityEngine.AnimationCurve	Defines how the water fee (0-200%) affects well-being
CitizenHappinessPrefab	16	m_WealthyMoneyAmount	Unity.Mathematics.int4	Wealth level max money amount , x-Wretched y-Poor z-Modest w-Comfortable, above w is Wealthy
CitizenHappinessPrefab	17	m_HealthCareHealthMultiplier	System.Single	
CitizenHappinessPrefab	18	m_HealthCareWellbeingMultiplier	System.Single	
CitizenHappinessPrefab	19	m_EducationWellbeingMultiplier	System.Single	
CitizenHappinessPrefab	20	m_NeutralEducation	System.Single	
CitizenHappinessPrefab	21	m_EntertainmentWellbeingMultiplier	System.Single	
CitizenHappinessPrefab	22	m_NegligibleCrime	System.Int32	Crime under this level has no effect on wellbeing
CitizenHappinessPrefab	23	m_CrimeMultiplier	System.Single	
CitizenHappinessPrefab	24	m_MaxCrimePenalty	System.Int32	
CitizenHappinessPrefab	25	m_MailMultiplier	System.Single	
CitizenHappinessPrefab	26	m_NegligibleMail	System.Int32	
CitizenHappinessPrefab	27	m_TelecomBaseline	System.Single	
CitizenHappinessPrefab	28	m_TelecomBonusMultiplier	System.Single	
CitizenHappinessPrefab	29	m_TelecomPenaltyMultiplier	System.Single	
CitizenHappinessPrefab	30	m_WelfareMultiplier	System.Single	
CitizenHappinessPrefab	31	m_HealthProblemHealthPenalty	System.Int32	
CitizenHappinessPrefab	32	m_DeathWellbeingPenalty	System.Int32	
CitizenHappinessPrefab	33	m_DeathHealthPenalty	System.Int32	
CitizenHappinessPrefab	34	m_ConsumptionMultiplier	System.Single	
CitizenHappinessPrefab	35	m_LowWellbeing	System.Int32	This is used for statistics to divide the low well-being citizen
CitizenHappinessPrefab	36	m_LowHealth	System.Int32	
CitizenHappinessPrefab	37	m_TaxUneducatedMultiplier	System.Single	
CitizenHappinessPrefab	38	m_TaxPoorlyEducatedMultiplier	System.Single	
CitizenHappinessPrefab	39	m_TaxEducatedMultiplier	System.Single	
CitizenHappinessPrefab	40	m_TaxWellEducatedMultiplier	System.Single	
CitizenHappinessPrefab	41	m_TaxHighlyEducatedMultiplier	System.Single	
CitizenHappinessPrefab	42	m_PenaltyEffect	System.Int32	Temporary penalty for teleporting due to traffic problems
CitizenHappinessPrefab	43	m_HomelessHealthEffect	System.Int32	
CitizenHappinessPrefab	44	m_HomelessWellbeingEffect	System.Int32	
CitizenHappinessPrefab	45	m_UnemployedWellbeingPenaltyAccumulatePerDay	System.Single	The penalty points accumulated per day for unemployed citizens. Decrease citizen well-being by this amount every day until the max penalty is reached.
CitizenHappinessPrefab	46	m_MaxAccumulatedUnemployedWellbeingPenalty	System.Int32	The max well-being penalty points accumulated.
CitizenParametersPrefab	0			
CitizenParametersPrefab	1	m_DivorceRate	System.Single	The divorce rate in percentage, 0.16 means 16%
CitizenParametersPrefab	2	m_LookForPartnerRate	System.Single	The single citizen look for partner rate in percentage, 0.08 means 8%
CitizenParametersPrefab	3	m_LookForPartnerTypeRate	Unity.Mathematics.float2	Partner type rate, x-Same Gender, y-Any Gender, 1-x-y = Different Gender
CitizenParametersPrefab	4	m_BaseBirthRate	System.Single	The base birth rate in percentage, 0.02 means 2%
CitizenParametersPrefab	5	m_AdultFemaleBirthRateBonus	System.Single	The birth rate bonus to adult female gender, for example 0.08 means female adult is (base:0.02 + bonus:0.08) = 0.1(10%)
CitizenParametersPrefab	6	m_StudentBirthRateAdjust	System.Single	The birth rate adjust for students, (final birth rate) * (adjust), for example 0.5 means student only have half of the final birth rate)
CitizenParametersPrefab	7	m_SwitchJobRate	System.Single	The switch job check (current have job) rate in percentage, also need to do LookForNewJobEmployableRate check next, 0.032 means 3.2%
CitizenParametersPrefab	8	m_LookForNewJobEmployableRate	System.Single	The rate is the free workplace compare to the employable workers, for example 2 means that there are twice amount of free work position of the employable workers, which means 50%, skip if free position < random(rate * employable workers)
CitizenParametersPrefab	9	m_LookForHomeRentIncomeIdealBand	Unity.Mathematics.float2	Ideal rent-to-income ratio band; households inside this band are least likely to look for a different home
CitizenParametersPrefab	10	m_LookForHomeChanceMultiplier	Unity.Mathematics.float2	Chance multiplier: x at extreme ratios (most eager to re-search, lower chance value), y inside ideal band (least eager, higher chance value)
CitizenParametersPrefab	11	m_LookForHomePopulationFactor	System.Single	Population scaling factor for the base re-search chance; chance = clamp(factor * citizens, clamp.x, clamp.y)
CitizenParametersPrefab	12	m_LookForHomeChanceClamp	Unity.Mathematics.int2	Clamp for the population-scaled base re-search chance (min, max)
CitizenParametersPrefab	13	m_LookForHomeHomelessDivisor	System.Int32	Divisor applied to the re-search chance for homeless households (smaller chance = more eager)
CitizenPrefab	0			
CitizenPrefab	1	m_Male	System.Boolean	
CitizenRequirementPrefab	0			
CitizenRequirementPrefab	1	m_MinimumPopulation	System.Int32	
CitizenRequirementPrefab	2	m_MinimumHappiness	System.Int32	
CitizenRequirementPrefab	3	m_LabelID	System.String	
CitizenSelectedSound	0			
CitizenSelectedSound	1	m_CitizenSelectedSounds	Game.Prefabs.Effects.CitizenSelectedSoundInfo[]	
CityBoundaryPrefab	0			
CityBoundaryPrefab	1	m_Material	UnityEngine.Material	
CityBoundaryPrefab	2	m_Width	System.Single	
CityBoundaryPrefab	3	m_TilingLength	System.Single	
CityBoundaryPrefab	4	m_CityBorderColor	UnityEngine.Color	
CityBoundaryPrefab	5	m_MapBorderColor	UnityEngine.Color	
CityEffects	0			
CityEffects	1	m_Effects	Game.Prefabs.CityEffectInfo[]	
CityModifiers	0			
CityModifiers	1	m_Modifiers	Game.Prefabs.CityModifierInfo[]	
CityOptions	0			
CityOptions	1	m_Options	Game.City.CityOption[]	
CityServiceBuilding	0			
CityServiceBuilding	1	m_Upkeeps	Game.Prefabs.ServiceUpkeepItem[]	
CityServiceStatistic	0			
CityServiceStatistic	1	m_CityServices	Game.Prefabs.CityServiceInfo[]	
CityServiceStatistic	2	m_Category	Game.Prefabs.UIStatisticsCategoryPrefab	
CityServiceStatistic	3	m_Group	Game.Prefabs.UIStatisticsGroupPrefab	
CityServiceStatistic	4	m_StatisticsType	Game.City.StatisticType	
CityServiceStatistic	5	m_CollectionType	Game.City.StatisticCollectionType	
CityServiceStatistic	6	m_UnitType	Game.City.StatisticUnitType	
CityServiceStatistic	7	m_Color	UnityEngine.Color	
CityServiceStatistic	8	m_Stacked	System.Boolean	
ClearArea	0			
ClimatePrefab	0			
ClimatePrefab	1	m_Latitude	System.Single	
ClimatePrefab	2	m_Longitude	System.Single	
ClimatePrefab	3	m_MaxSunElevationAngle	System.Double	The Sun will be limited to not rise higher above the horizon than this (in degrees)
ClimatePrefab	4	m_SunElevationClampStart	System.Double	When the Sun height is limited by the max angle, this sets at what angle it starts to deviate from the real angle
ClimatePrefab	5	m_FreezingTemperature	System.Single	
ClimatePrefab	6	m_Temperature	UnityEngine.AnimationCurve	
ClimatePrefab	7	m_Precipitation	UnityEngine.AnimationCurve	
ClimatePrefab	8	m_Cloudiness	UnityEngine.AnimationCurve	
ClimatePrefab	9	m_Aurora	UnityEngine.AnimationCurve	
ClimatePrefab	10	m_Fog	UnityEngine.AnimationCurve	
ClimatePrefab	11	m_DefaultWeather	Game.Prefabs.Climate.WeatherPrefab	
ClimatePrefab	12	m_DefaultWeathers	Game.Prefabs.Climate.WeatherPrefab[]	
ClimatePrefab	13	m_Seasons	Game.Simulation.ClimateSystem+SeasonInfo[]	
ClimatePrefab	14	m_RandomSeed	System.Int32	
ClimatePrefab	15	m_SeasonsOrder	System.Int32[]	
ClipArea	0			
ColorAdjustmentsProperties	0			
ColorAdjustmentsProperties	1	m_PostExposure	UnityEngine.Rendering.FloatParameter	
ColorAdjustmentsProperties	2	m_Contrast	UnityEngine.Rendering.ClampedFloatParameter	
ColorAdjustmentsProperties	3	m_ColorFilter	UnityEngine.Rendering.ColorParameter	
ColorAdjustmentsProperties	4	m_HueShift	UnityEngine.Rendering.ClampedFloatParameter	
ColorAdjustmentsProperties	5	m_Saturation	UnityEngine.Rendering.ClampedFloatParameter	
ColorAdjustmentsProperties	6	m_InterpolationMode	Game.Prefabs.Climate.OverrideablePropertiesComponent+InterpolationMode	
ColorAdjustmentsProperties	7	m_InterpolationTime	System.Single	
ColorProperties	0			
ColorProperties	1	m_ColorVariations	System.Collections.Generic.List`1[Game.Prefabs.ColorProperties+VariationSet]	
ColorProperties	2	m_ChannelsBinding	System.Collections.Generic.List`1[Game.Prefabs.ColorProperties+ColorChannelBinding]	
ColorProperties	3	m_VariationGroups	System.Collections.Generic.List`1[Game.Prefabs.ColorProperties+VariationGroup]	
ColorProperties	4	m_VariationRanges	Unity.Mathematics.int3	
ColorProperties	5	m_AlphaRanges	Unity.Mathematics.int3	
ColorProperties	6	m_ExternalColorSource	Game.Rendering.ColorSourceType	
CompanyNotificationParameterPrefab	0			
CompanyNotificationParameterPrefab	1	m_NoInputsNotificationPrefab	Game.Prefabs.NotificationIconPrefab	
CompanyNotificationParameterPrefab	2	m_NoCustomersNotificationPrefab	Game.Prefabs.NotificationIconPrefab	
CompanyNotificationParameterPrefab	3	m_NoInputCostLimit	System.Single	
CompanyNotificationParameterPrefab	4	m_NoCustomersServiceLimit	System.Single	
CompanyNotificationParameterPrefab	5	m_NoCustomersHotelLimit	System.Single	The limit of empty rooms percentage of total room amount, 0.9 means 90% rooms are empty
CompanyObject	0			
CompanyObject	1	m_SelectCompany	System.Boolean	
CompanyObject	2	m_Companies	Game.Prefabs.CompanyPrefab[]	
CompanyPrefab	0			
CompanyPrefab	1	zone	Game.Zones.AreaType	
CompanyPrefab	2	profitability	System.Single	
ConnectionLane	0			
ConnectionPathfind	0			
ConnectionPathfind	1	m_BorderCost	Game.Prefabs.PathfindCostInfo	
ConnectionPathfind	2	m_PedestrianBorderCost	Game.Prefabs.PathfindCostInfo	
ConnectionPathfind	3	m_DistanceCost	Game.Prefabs.PathfindCostInfo	
ConnectionPathfind	4	m_AirwayCost	Game.Prefabs.PathfindCostInfo	
ConnectionPathfind	5	m_InsideCost	Game.Prefabs.PathfindCostInfo	
ConnectionPathfind	6	m_AreaCost	Game.Prefabs.PathfindCostInfo	
ConnectionPathfind	7	m_CarSpawnCost	Game.Prefabs.PathfindCostInfo	
ConnectionPathfind	8	m_BicycleSpawnCost	Game.Prefabs.PathfindCostInfo	
ConnectionPathfind	9	m_PedestrianSpawnCost	Game.Prefabs.PathfindCostInfo	
ConnectionPathfind	10	m_HelicopterTakeoffCost	Game.Prefabs.PathfindCostInfo	
ConnectionPathfind	11	m_AirplaneTakeoffCost	Game.Prefabs.PathfindCostInfo	
ConnectionPathfind	12	m_TaxiStartCost	Game.Prefabs.PathfindCostInfo	
ConnectionPathfind	13	m_ParkingCost	Game.Prefabs.PathfindCostInfo	
ConnectionPathfind	14	m_BicycleParkingCost	Game.Prefabs.PathfindCostInfo	
ContentPrefab	0			
ContentPrerequisite	0			
ContentPrerequisite	1	m_ContentPrerequisite	Game.Prefabs.ContentPrefab	
CraneObject	0			
CraneObject	1	m_DistanceRange	Colossal.Mathematics.Bounds1	
CreatureSpawner	0			
CreatureSpawner	1	m_MaxGroupCount	System.Int32	
Crime	0			
Crime	1	m_RandomTargetType	Game.Prefabs.EventTargetType	
Crime	2	m_CrimeType	Game.Prefabs.CrimeType	
Crime	3	m_OccurenceProbability	Colossal.Mathematics.Bounds1	The probability for citizen to do the crime first time
Crime	4	m_RecurrenceProbability	Colossal.Mathematics.Bounds1	The probability for criminal to do the crime again
Crime	5	m_AlarmDelay	Colossal.Mathematics.Bounds1	The police may be requested after crime start min seconds, and will be surely requested after max seconds
Crime	6	m_CrimeDuration	Colossal.Mathematics.Bounds1	The crime can be finished earlier without caught if it's last longer than min seconds, if the crime last longer than max seconds without police arrive and secure the crime scene, the criminal will not be caught
Crime	7	m_CrimeIncomeAbsolute	Colossal.Mathematics.Bounds1	The absolute part of steal money amount from crime victim, random between min and max, combined with relative for final steal amount
Crime	8	m_CrimeIncomeRelative	Colossal.Mathematics.Bounds1	The percentage of steal money amount from victim's money, random between min and max, combined with absolute for final steal amount
Crime	9	m_JailTimeRange	Colossal.Mathematics.Bounds1	The criminal will be put into jail for how many game days
Crime	10	m_PrisonTimeRange	Colossal.Mathematics.Bounds1	The criminal will be sentenced to prison for how many game days after jail time
Crime	11	m_PrisonProbability	System.Single	The probability of the criminal in jail sentence to prison
CrimeAccumulation	0			
CrimeAccumulation	1	m_CrimeRate	System.Single	
CrimeAccumulationGlobalMode	0			
CrimeAccumulationGlobalMode	1	m_CrimeRateMultiplier	System.Single	
CullingEffect	0			
CullingEffect	1	m_AudioCullGroup	Game.Prefabs.CullingEffect+AudioCullingGroup	The audio culling group
CurveProperties	0			
CurveProperties	1	m_TilingCount	System.Int32	
CurveProperties	2	m_OverrideLength	System.Single	
CurveProperties	3	m_SmoothingDistance	System.Single	
CurveProperties	4	m_GeometryTiling	System.Boolean	
CurveProperties	5	m_StraightTiling	System.Boolean	
CurveProperties	6	m_InvertCurve	System.Boolean	
CurveProperties	7	m_SubFlow	System.Boolean	
CurveProperties	8	m_HangingSwaying	System.Boolean	
DeathcareFacility	0			
DeathcareFacility	1	m_HearseCapacity	System.Int32	
DeathcareFacility	2	m_StorageCapacity	System.Int32	
DeathcareFacility	3	m_ProcessingRate	System.Single	
DeathcareFacility	4	m_LongTermStorage	System.Boolean	
DecalProperties	0			
DecalProperties	1	m_TextureArea	Colossal.Mathematics.Bounds2	
DecalProperties	2	m_RendererPriority	System.Int32	
DecalProperties	3	m_LayerMask	Game.Rendering.DecalLayers	
DecalProperties	4	m_EnableInfoviewColor	System.Boolean	
DefaultMesh	0			
DefaultPolicies	0			
DefaultPolicies	1	m_Policies	Game.Prefabs.DefaultPolicyInfo[]	
DeliveryTruck	0			
DeliveryTruck	1	m_CargoCapacity	System.Int32	
DeliveryTruck	2	m_CostToDrive	System.Int32	
DeliveryTruck	3	m_TransportedResources	Game.Economy.ResourceInEditor[]	
DemandPrefab	0			
DemandPrefab	1	m_ForestryPrefab	Game.Prefabs.PrefabBase	
DemandPrefab	2	m_OfficePrefab	Game.Prefabs.PrefabBase	
DemandPrefab	3	m_MinimumHappiness	System.Int32	The minimum happiness value that affect the demanding, average happiness below this won't have any different
DemandPrefab	4	m_HappinessEffect	System.Single	The weight that multiply to the happiness value differ to the neutral
DemandPrefab	5	m_TaxEffect	Unity.Mathematics.float3	The weight that multiply to the tax effect value differ to the neutral 10% tax rate (residential, commercial, industrial/office)
DemandPrefab	6	m_StudentEffect	System.Single	The weight that multiply to the student effect value
DemandPrefab	7	m_AvailableWorkplaceEffect	System.Single	The weight that multiply to the workplace value differ to the neutral
DemandPrefab	8	m_HomelessEffect	System.Single	The weight that multiply to the homeless value differ to the neutral
DemandPrefab	9	m_NeutralHappiness	System.Int32	Neutral average happiness value, the happiness value showed at bottom bar
DemandPrefab	10	m_NeutralUnemployment	System.Single	Neutral unemployment percentage, 10 = 10% unemployment is neutral
DemandPrefab	11	m_NeutralAvailableWorkplacePercentage	System.Single	Neutral available workplace percentage, 10 = 10% available workplace is neutral
DemandPrefab	12	m_NeutralHomelessness	System.Int32	Neutral homeless household amount
DemandPrefab	13	m_FreeResidentialRequirement	Unity.Mathematics.int3	Need free unoccupied residential buildings amount, x-low density, y-medium density, z-high density
DemandPrefab	14	m_FreeCommercialProportion	System.Single	
DemandPrefab	15	m_FreeIndustrialProportion	System.Single	
DemandPrefab	16	m_CommercialStorageMinimum	System.Single	Stock percentage at which commercial demand is zero — above this no demand, below it demand builds (e.g. 45 = neutral at 45% stock)
DemandPrefab	17	m_CommercialStorageEffect	System.Single	Resource demand added per percentage point of stock below the neutral threshold (e.g. 10 = each 1% stock drop adds 10 demand)
DemandPrefab	18	m_CommercialBaseDemand	System.Single	The commercial resource demand multiplier to household's needs
DemandPrefab	19	m_IndustrialStorageMinimum	System.Single	
DemandPrefab	20	m_IndustrialStorageEffect	System.Single	
DemandPrefab	21	m_IndustrialBaseDemand	System.Single	
DemandPrefab	22	m_ExtractorBaseDemand	System.Single	
DemandPrefab	23	m_StorageDemandMultiplier	System.Single	
DemandPrefab	24	m_CommuterWorkerRatioLimit	System.Int32	
DemandPrefab	25	m_CommuterSlowSpawnFactor	System.Int32	
DemandPrefab	26	m_CommuterOCSpawnParameters	Unity.Mathematics.float4	Percentage that commuter will spawn at OCs x:Road y:Train z:Air w:Ship
DemandPrefab	27	m_TouristOCSpawnParameters	Unity.Mathematics.float4	Percentage that tourist will spawn at OCs x:Road y:Train z:Air w:Ship
DemandPrefab	28	m_CitizenOCSpawnParameters	Unity.Mathematics.float4	Percentage that citizen will spawn at OCs x:Road y:Train z:Air w:Ship
DemandPrefab	29	m_TeenSpawnPercentage	System.Single	Percentage that teen citizen will spawn among all new household that with child
DemandPrefab	30	m_FrameIntervalForSpawning	Unity.Mathematics.int3	Frames cooldown interval for x-residential,y-commercial,z-industrial citizen/company spawning
DemandPrefab	31	m_HouseholdSpawnSpeedFactor	System.Single	The speed factor of new household spawning
DemandPrefab	32	m_HotelRoomPercentRequirement	System.Single	The spawning percent requirement of hotel rooms that need to meet the demand of tourist
DemandPrefab	33	m_NewCitizenEducationParameters	Unity.Mathematics.float4	Percentage of citizens' education level x:uneducated y:poorly educated z:educated w:WellEducated, then rest is the highly educated
DestructibleObject	0			
DestructibleObject	1	m_FireHazard	System.Single	
DestructibleObject	2	m_StructuralIntegrity	System.Single	
Destruction	0			
Destruction	1	m_RandomTargetType	Game.Prefabs.EventTargetType	
Destruction	2	m_OccurenceProbability	System.Single	
DevTreeNodePrefab	0			
DevTreeNodePrefab	1	m_Service	Game.Prefabs.ServicePrefab	
DevTreeNodePrefab	2	m_Requirements	Game.Prefabs.DevTreeNodePrefab[]	
DevTreeNodePrefab	3	m_Cost	System.Int32	
DevTreeNodePrefab	4	m_HorizontalPosition	System.Int32	
DevTreeNodePrefab	5	m_VerticalPosition	System.Single	
DevTreeNodePrefab	6	m_IconPath	System.String	
DevTreeNodePrefab	7	m_IconPrefab	Game.Prefabs.PrefabBase	
DilationProperties	0			
DilationProperties	1	m_MinSize	System.Single	
DilationProperties	2	m_InfoviewFactor	System.Single	
DilationProperties	3	m_InfoviewOnly	System.Boolean	
DisasterConfigurationPrefab	0			
DisasterConfigurationPrefab	1	m_WeatherDamageNotificationPrefab	Game.Prefabs.NotificationIconPrefab	
DisasterConfigurationPrefab	2	m_WeatherDestroyedNotificationPrefab	Game.Prefabs.NotificationIconPrefab	
DisasterConfigurationPrefab	3	m_WaterDamageNotificationPrefab	Game.Prefabs.NotificationIconPrefab	
DisasterConfigurationPrefab	4	m_WaterDestroyedNotificationPrefab	Game.Prefabs.NotificationIconPrefab	
DisasterConfigurationPrefab	5	m_DestroyedNotificationPrefab	Game.Prefabs.NotificationIconPrefab	
DisasterConfigurationPrefab	6	m_FloodDamageRate	System.Single	
DisasterConfigurationPrefab	7	m_EmergencyShelterDangerLevelExitProbability	UnityEngine.AnimationCurve	~Correlation between the general danger level (0.0-1.0) in the city and the probability that the cim will exit the shelter if there is no imminent danger to their home, workplace or school (1024 rolls per day).
The y value at 0.0 determines how quickly cims will leave the shelter when there is no danger.~
DisasterConfigurationPrefab	8	m_InoperableEmergencyShelterExitProbability	System.Single	Probability that a cim will exit an inoperable emergency shelter (1024 rolls per day)
DisasterFacility	0			
DistanceCloudsProperties	0			
DistanceCloudsProperties	1	m_Opacity	UnityEngine.Rendering.ClampedFloatParameter	
DistanceCloudsProperties	2	m_CumulusStrength	UnityEngine.Rendering.ClampedFloatParameter	
DistanceCloudsProperties	3	m_StratusStrength	UnityEngine.Rendering.ClampedFloatParameter	
DistanceCloudsProperties	4	m_CirrusStrength	UnityEngine.Rendering.ClampedFloatParameter	
DistanceCloudsProperties	5	m_WispyStrength	UnityEngine.Rendering.ClampedFloatParameter	
DistanceCloudsProperties	6	m_Altitude	UnityEngine.Rendering.MinFloatParameter	
DistanceCloudsProperties	7	m_InterpolationMode	Game.Prefabs.Climate.OverrideablePropertiesComponent+InterpolationMode	
DistanceCloudsProperties	8	m_InterpolationTime	System.Single	
DistrictModifiers	0			
DistrictModifiers	1	m_Modifiers	Game.Prefabs.DistrictModifierInfo[]	
DistrictOptions	0			
DistrictOptions	1	m_Options	Game.Areas.DistrictOption[]	
DistrictPrefab	0			
DistrictPrefab	1	m_NameColor	UnityEngine.Color	
DistrictPrefab	2	m_SelectedNameColor	UnityEngine.Color	
DistrictPrefab	3	m_Color	UnityEngine.Color	
DistrictPrefab	4	m_EdgeColor	UnityEngine.Color	
DistrictPrefab	5	m_SelectionColor	UnityEngine.Color	
DistrictPrefab	6	m_SelectionEdgeColor	UnityEngine.Color	
DlcRequirement	0			
DlcRequirement	1	m_Dlc	Colossal.PSI.Common.DlcId	
DlcRequirement	2	m_BaseGameRequiresDatabase	System.Boolean	
DlcRequirement	3	m_Notes	System.String	
Domesticated	0			
Domesticated	1	m_IdleTime	Colossal.Mathematics.Bounds1	
Domesticated	2	m_MinGroupMemberCount	System.Int32	
Domesticated	3	m_MaxGroupMemberCount	System.Int32	
EarlyDisasterWarningEvent	0			
EarlyDisasterWarningSystem	0			
EconomyParametersMode	0			
EconomyParametersMode	1	m_ExtractorCompanyExportMultiplier	System.Single	
EconomyParametersMode	2	m_Wage0	System.Int32	
EconomyParametersMode	3	m_Wage1	System.Int32	
EconomyParametersMode	4	m_Wage2	System.Int32	
EconomyParametersMode	5	m_Wage3	System.Int32	
EconomyParametersMode	6	m_Wage4	System.Int32	
EconomyParametersMode	7	m_CommuterWageMultiplier	System.Single	
EconomyParametersMode	8	m_CityServiceWageAdjustment	System.Single	
EconomyParametersMode	9	m_CompanyBankruptcyLimit	System.Int32	
EconomyParametersMode	10	m_ResidentialMinimumEarnings	System.Int32	
EconomyParametersMode	11	m_UnemploymentBenefit	System.Int32	
EconomyParametersMode	12	m_Pension	System.Int32	
EconomyParametersMode	13	m_FamilyAllowance	System.Int32	
EconomyParametersMode	14	m_ResourceConsumptionMultiplier	Unity.Mathematics.float2	
EconomyParametersMode	15	m_ResourceConsumptionPerCitizen	System.Single	
EconomyParametersMode	16	m_TouristConsumptionMultiplier	System.Single	
EconomyParametersMode	17	m_WorkDayStart	System.Single	
EconomyParametersMode	18	m_WorkDayEnd	System.Single	
EconomyParametersMode	19	m_IndustrialEfficiency	System.Single	
EconomyParametersMode	20	m_CommercialEfficiency	System.Single	
EconomyParametersMode	21	m_ExtractorProductionEfficiency	System.Single	
EconomyParametersMode	22	m_TrafficReduction	System.Single	
EconomyParametersMode	23	m_MaxCitySpecializationBonus	System.Single	
EconomyParametersMode	24	m_ResourceProductionCoefficient	System.Int32	
EconomyParametersMode	25	m_MixedBuildingCompanyRentPercentage	System.Single	
EconomyParametersMode	26	m_LandValueModifier	Unity.Mathematics.float3	
EconomyParametersMode	27	m_RentPriceBuildingZoneTypeBase	Unity.Mathematics.float3	
EconomyParametersMode	28	m_ResidentialUpkeepLevelExponent	System.Single	
EconomyParametersMode	29	m_CommercialUpkeepLevelExponent	System.Single	
EconomyParametersMode	30	m_IndustrialUpkeepLevelExponent	System.Single	
EconomyParametersMode	31	m_PerOfficeResourceNeededForIndustrial	System.Int32	
EconomyParametersMode	32	m_UnemploymentAllowanceMaxDays	System.Single	
EconomyParametersMode	33	m_ShopPossibilityIncreaseDivider	System.Int32	
EconomyParametersMode	34	m_PlayerStartMoney	System.Int32	
EconomyParametersMode	35	m_BuildRefundPercentage	Unity.Mathematics.float3	
EconomyParametersMode	36	m_BuildRefundTimeRange	Unity.Mathematics.float3	
EconomyParametersMode	37	m_RelocationCostMultiplierOverride	System.Single	
EconomyParametersMode	38	m_RoadRefundPercentage	Unity.Mathematics.float3	
EconomyParametersMode	39	m_RoadRefundTimeRange	Unity.Mathematics.float3	
EconomyParametersMode	40	m_TreeCostMultipliers	Unity.Mathematics.int3	
EconomyParametersMode	41	m_MapTileUpkeepCostMultiplier	UnityEngine.AnimationCurve	
EconomyParametersMode	42	m_LoanMinMaxInterestRate	Unity.Mathematics.float2	
EconomyPrefab	0			
EconomyPrefab	1	m_ExtractorCompanyExportMultiplier	System.Single	Export price multiplier for resources generated by an extractor company and sold to OC.
EconomyPrefab	2	m_ProductionStatisticsLerpFactor	System.Single	Lerp factor used to smooth city production statistics over time. Lower values produce slower, more stable averages; higher values react faster to changes.
EconomyPrefab	3	m_Wage0	System.Int32	~Job level: Simple.
Minimum education level: Uneducated.

Note: All citizens can work in jobs that are lower than their highest education level.~
EconomyPrefab	4	m_Wage1	System.Int32	~Job level: Basic.
Minimum education level: Poorly educated.

Note: All citizens can work in jobs that are lower than their highest education level.~
EconomyPrefab	5	m_Wage2	System.Int32	~Job level: Senior.
Minimum education level: Educated.

Note: All citizens can work in jobs that are lower than their highest education level.~
EconomyPrefab	6	m_Wage3	System.Int32	~Job level: Specialist.
Minimum education level: Well educated.

Note: All citizens can work in jobs that are lower than their highest education level.~
EconomyPrefab	7	m_Wage4	System.Int32	~Job level: Manager.
Minimum education level: Highly educated.

Note: All citizens can work in jobs that are lower than their highest education level.~
EconomyPrefab	8	m_CommuterWageMultiplier	System.Single	~A multiplier value to calculate wages for commuters from OC.

Example: Commuter working on a Basic level job position earns (Wage 1 x CommuterWageMultiplier)~
EconomyPrefab	9	m_CityServiceWageAdjustment	System.Single	~The city service workers' wage multiplier value.

Note: City service jobs are divided into education levels the same way as other workplaces and pay the same wages as zoned companies' jobs. The wage multiplier adjusts all of the wages.~
EconomyPrefab	10	m_CompanyBankruptcyLimit	System.Int32	~All company resources added together and compared to the value. If the combined resources value is lower than the limit value, the company goes bankrupt.

Resources include:
- Money resource
- Input (resources the company buys to manufacture other resources)
- Output resources (resources made by the company and stored in the company’s building)
- Resources that are being moved around by vehicles (not yet arrived to other companies or OC)
- Service resources (Entertainment, Lodging, other immaterial resources)~
EconomyPrefab	11	m_ResidentialMinimumEarnings	System.Int32	~A balancing value deducted from earned wage before taxes are deducted.

Example: (Wage 1 - ResidentialMinimumEarnings) * tax rate = Household tax income~
EconomyPrefab	12	m_UnemploymentBenefit	System.Int32	Money paid by the government for citizens who are of working age (teens and adults) but are not working. This allows them to pay Rent and buy resources.
EconomyPrefab	13	m_Pension	System.Int32	Money paid by the government for senior citizens who don't work anymore. This allows them to pay Rent and buy resources.
EconomyPrefab	14	m_FamilyAllowance	System.Int32	Money paid by the government for households per child. This offsets children's resource consumption.
EconomyPrefab	15	m_ResourceConsumptionMultiplier	Unity.Mathematics.float2	~A multiplier value to control how much households consume the resources they have bought and are storing in their household.

X value refers to the poorest households
Y value refers to the wealthiest households.

Note: All resources bought are transformed into a separate monetary resource equal to the value of the resources bought/money spent on the resource acquisition. This “resource money” is separate from the household’s spending money and will be deducted as the household consumes the “resources” aka the resource money.~
EconomyPrefab	16	m_ResourceConsumptionPerCitizen	System.Single	A resource consumption multiplier value. The value defines the overall daily resource consumption of all citizens in the city.
EconomyPrefab	17	m_TouristConsumptionMultiplier	System.Single	~A resource consumption multiplier value for tourists. The value defines the overall daily resource consumption of all tourists in the city.

Note: Tourists consume resources much in the same way as regular citizens while they are visiting the city.~
EconomyPrefab	18	m_TouristInitialWealthRange	System.Int32	The range of initial wealth for tourists when they spawn in the city.
EconomyPrefab	19	m_TouristInitialWealthOffset	System.Int32	The offset value for the initial wealth of tourists when they spawn in the city.
EconomyPrefab	20	m_WorkDayStart	System.Single	~The schedule when a citizen goes to work.

Note: The 24h day is placed between the values 0 and 1, where 0 means 00.00 (aka start of the day) and 1 means 24:00 (aka the end of the day).

Example: Workday start (0.35) therefore means approximately 7:00 o’clock.~
EconomyPrefab	21	m_WorkDayEnd	System.Single	~The schedule when a citizen goes back home from work.

Note: The 24h day is placed between the values 0 and 1, where 0 means 00.00 (aka start of the day) and 1 means 24:00 (aka the end of the day).

Example: Workday start (0.35) therefore means approximately 7:00 o’clock.~
EconomyPrefab	22	m_IndustrialEfficiency	System.Single	~Global industrial Efficiency balancing value.

Efficiency affects industrial production rate.~
EconomyPrefab	23	m_CommercialEfficiency	System.Single	~Global commercial Efficiency balancing value.

Efficiency affects commercial service rate.~
EconomyPrefab	24	m_ExtractorEfficiency	System.Single	~Global specialized industry Efficiency balancing value.

Efficiency affects the extractors’ production rate.~
EconomyPrefab	25	m_OfficeResourceConsumedPerIndustrialUnit	System.Int32	Cost how many office resources to produce one unit of industrial resource
EconomyPrefab	26	m_TrafficReduction	System.Single	~Global value to control how much traffic moves in the city.

Note: Higher value means more vehicles.Lower value means less vehicles and citizens doing their shopping “online”, so that the resources they buy are teleported to their households without them visiting the shops.~
EconomyPrefab	27	m_MaxCitySpecializationBonus	System.Single	~The maximum value the City Specialization Bonus can reach in the building’s Efficiency calculation.

City Specialization Bonus affects the zoned buildings’ Efficiency.~
EconomyPrefab	28	m_ResourceProductionCoefficient	System.Int32	City Specialization Bonus resource production coefficient that related to how many production can tend to max bonus [prod/(prod+coefficient) * max]
EconomyPrefab	29	m_MixedBuildingCompanyRentPercentage	System.Single	The percentage value of how much a commercial company contributes to the Rent payments of a mixed housing building.
EconomyPrefab	30	m_LandValueModifier	Unity.Mathematics.float3	~Multiplier to the Land Value’s effect on different zones’ Rent. The Land Value value within the building’s lot is multiplied by the appropriate modifier.

X: Residential Land Value modifier
Y: Commercial Land Value modifier
Z: Industrial / Office Land Value modifier~
EconomyPrefab	31	m_RentPriceBuildingZoneTypeBase	Unity.Mathematics.float3	~ZoneType value in the Rent calculation formula.

Rent formula: (LandValue + (ZoneType * Building Level)) * LotSize * SpaceMultiplier

X: Residential ZoneType
Y: Commercial ZoneType
Z: Industrial/Office ZoneType~
EconomyPrefab	32	m_ResidentialUpkeepLevelExponent	System.Single	~Controls the Rent curve per building level.

Residential Building's final upkeep is calculated by upkeep multiply with the building level's exponent, higher level has higher upkeep~
EconomyPrefab	33	m_CommercialUpkeepLevelExponent	System.Single	~Controls the Rent curve per building level.

Commercial Building's final upkeep is calculated by upkeep multiply with the building level's exponent, higher level has higher upkeep~
EconomyPrefab	34	m_IndustrialUpkeepLevelExponent	System.Single	~Controls the Rent curve per building level.

Industrial Building's final upkeep is calculated by upkeep multiply with the building level's exponent, higher level has higher upkeep~
EconomyPrefab	35	m_PerOfficeResourceNeededForIndustrial	System.Int32	~A balancing value for Office zone demand based on Industrial zone production of resource units.

When the Office zone is unlocked, industrial production starts to affect the Office demand so that a set amount of industrial resources being produced “require” a set amount of Office resources such as Software, Banking etc.

Example: The value of 2000 means that 2000 units of industrial resources produced affects the demand for offices by “requiring” 1 unit of office resources being produced.~
EconomyPrefab	36	m_UnemploymentAllowanceMaxDays	System.Single	~The number of days a citizen can receive unemployment benefit.

Once they stop receiving the benefit and haven’t found a new job, they either move out of the city or become homeless.~
EconomyPrefab	37	m_ShopPossibilityIncreaseDivider	System.Int32	~A balancing value used to divide all of the household’s resources to determine the probability of the household’s next shopping action.

Note: The lower the value after the division, the higher the chance that the household will perform a shopping action.~
EconomyPrefab	38	m_PlayerStartMoney	System.Int32	The money the player receives at the start of a new city.
EconomyPrefab	39	m_BuildRefundPercentage	Unity.Mathematics.float3	The building refund percentage of the build cost,x,y,z match the timer range's x,y,z
EconomyPrefab	40	m_BuildRefundTimeRange	Unity.Mathematics.float3	The building refund time range,x,y,z match the refund percentage's x,y,z, unit is game day, 0.5 means half a game day, 1 means 1 game day
EconomyPrefab	41	m_RelocationCostMultiplier	System.Single	The building relocation cost multiplier.
EconomyPrefab	42	m_RoadRefundPercentage	Unity.Mathematics.float3	The road refund percentage of the build cost,x,y,z match the timer range's x,y,z
EconomyPrefab	43	m_RoadRefundTimeRange	Unity.Mathematics.float3	The road refund time range,x,y,z match the refund percentage's x,y,z, unit is game day, 0.5 means half a game day, 1 means 1 game day
EconomyPrefab	44	m_TreeCostMultipliers	Unity.Mathematics.int3	Age multiplier for the sapling construction cost defined in the tree prefabs (x: Young, y: Mature, z: Elderly)
EconomyPrefab	45	m_MapTileUpkeepCostMultiplier	UnityEngine.AnimationCurve	The map tile's upkeep multiplier which based on the map tile's cost.
EconomyPrefab	46	m_LoanMinMaxInterestRate	Unity.Mathematics.float2	Min max loan interest rate
EconomyPrefab	47	m_ProfitabilityRange	Unity.Mathematics.int2	Profit range (X to Y) for mapping profitability to building color. Profit equal to min results in color 0, max results in color 255. X must less than 0 and Y must greater than 0
EditorAssetCategoryOverride	0			
EditorAssetCategoryOverride	1	m_IncludeCategories	System.String[]	
EditorAssetCategoryOverride	2	m_ExcludeCategories	System.String[]	
EditorContainer	0			
EditorWaterConfigurationPrefab	0			
EditorWaterConfigurationPrefab	1	m_WaterInfoview	Game.Prefabs.InfoviewPrefab	
EditorWaterConfigurationPrefab	2	m_WaterFlowInfo	Game.Prefabs.InfomodeInfo	
EducationPrefab	0			
EducationPrefab	1	m_EducationServicePrefab	Game.Prefabs.PrefabBase	
EducationPrefab	2	m_InoperableSchoolLeaveProbability	System.Single	Probability that a student leaves a disabled school (1024 rolls per day)
EducationPrefab	3	m_EnterHighSchoolProbability	System.Single	Probability that a student enter the high school
EducationPrefab	4	m_AdultEnterHighSchoolProbability	System.Single	Probability for adult to enter the high school
EducationPrefab	5	m_WorkerContinueEducationProbability	System.Single	Probability for worker to enter the high school
EducationStatistic	0			
EducationStatistic	1	m_Levels	Game.Prefabs.EducationLevelInfo[]	
EducationStatistic	2	m_Category	Game.Prefabs.UIStatisticsCategoryPrefab	
EducationStatistic	3	m_Group	Game.Prefabs.UIStatisticsGroupPrefab	
EducationStatistic	4	m_StatisticsType	Game.City.StatisticType	
EducationStatistic	5	m_CollectionType	Game.City.StatisticCollectionType	
EducationStatistic	6	m_UnitType	Game.City.StatisticUnitType	
EducationStatistic	7	m_Color	UnityEngine.Color	
EducationStatistic	8	m_Stacked	System.Boolean	
EffectColor	0			
EffectColor	1	m_Source	Game.Prefabs.EffectColorSource	
EffectColor	2	m_HueRandomness	System.Single	
EffectColor	3	m_SaturationRandomness	System.Single	
EffectColor	4	m_BrightnessRandomness	System.Single	
EffectPrefab	0			
EffectPrefab	1	m_Conditions	Game.Prefabs.EffectCondition	
EffectPrefab	2	m_DisableDistanceCulling	System.Boolean	
EffectRangeInfomodePrefab	0			
EffectRangeInfomodePrefab	1	m_Type	Game.Buildings.LocalModifierType	
EffectRangeInfomodePrefab	2	m_Color	UnityEngine.Color	
EffectRangeInfomodePrefab	3	m_IncludeInGroups	Game.Prefabs.InfomodeGroupPrefab[]	
EffectRangeInfomodePrefab	4	m_Priority	System.Int32	
EffectRangeInfomodePrefab	5	editor	System.Boolean	
EffectSource	0			
EffectSource	1	m_Effects	System.Collections.Generic.List`1[Game.Prefabs.EffectSource+EffectSettings]	
EffectSource	2	m_AnimationCurves	System.Collections.Generic.List`1[Game.Prefabs.EffectSource+AnimationProperties]	
ElectricityConnection	0			
ElectricityConnection	1	m_Voltage	Game.Prefabs.ElectricityConnection+Voltage	
ElectricityConnection	2	m_Direction	Game.Net.FlowDirection	
ElectricityConnection	3	m_Capacity	System.Int32	
ElectricityConnection	4	m_RequireAll	Game.Prefabs.NetPieceRequirements[]	
ElectricityConnection	5	m_RequireAny	Game.Prefabs.NetPieceRequirements[]	
ElectricityConnection	6	m_RequireNone	Game.Prefabs.NetPieceRequirements[]	
ElectricityConnectionGlobalMode	0			
ElectricityConnectionGlobalMode	1	m_CapacityMultiplier	System.Single	
ElectricityOutsideConnection	0			
ElectricityParametersMode	0			
ElectricityParametersMode	1	m_InitialBatteryCharge	System.Single	
ElectricityParametersMode	2	m_TemperatureConsumptionMultiplier	UnityEngine.AnimationCurve	
ElectricityParametersMode	3	m_CloudinessSolarPenalty	System.Single	
ElectricityParametersPrefab	0			
ElectricityParametersPrefab	1	m_InitialBatteryCharge	System.Single	Initial charge of batteries
ElectricityParametersPrefab	2	m_TemperatureConsumptionMultiplier	UnityEngine.AnimationCurve	Correlation between temperature (in °C) and electricity consumption
ElectricityParametersPrefab	3	m_CloudinessSolarPenalty	System.Single	How much solar power plant electricity output is reduced when it is cloudy
ElectricityParametersPrefab	4	m_ElectricityServicePrefab	Game.Prefabs.ServicePrefab	
ElectricityParametersPrefab	5	m_ElectricityNotificationPrefab	Game.Prefabs.NotificationIconPrefab	
ElectricityParametersPrefab	6	m_LowVoltageNotConnectedPrefab	Game.Prefabs.NotificationIconPrefab	
ElectricityParametersPrefab	7	m_HighVoltageNotConnectedPrefab	Game.Prefabs.NotificationIconPrefab	
ElectricityParametersPrefab	8	m_BottleneckNotificationPrefab	Game.Prefabs.NotificationIconPrefab	
ElectricityParametersPrefab	9	m_BuildingBottleneckNotificationPrefab	Game.Prefabs.NotificationIconPrefab	
ElectricityParametersPrefab	10	m_NotEnoughProductionNotificationPrefab	Game.Prefabs.NotificationIconPrefab	
ElectricityParametersPrefab	11	m_TransformerNotificationPrefab	Game.Prefabs.NotificationIconPrefab	
ElectricityParametersPrefab	12	m_NotEnoughConnectedNotificationPrefab	Game.Prefabs.NotificationIconPrefab	
ElectricityParametersPrefab	13	m_BatteryEmptyNotificationPrefab	Game.Prefabs.NotificationIconPrefab	
ElectricityParametersPrefab	14	m_ElectricityAssetMenuPrefab	Game.Prefabs.UIAssetMenuPrefab	
EmergencyGenerator	0			
EmergencyGenerator	1	m_ElectricityProduction	System.Int32	
EmergencyGenerator	2	m_ActivationThreshold	Colossal.Mathematics.Bounds1	The emergency generator is activated when the charge drops below Min. It it disabled again when the charge reaches Max.
EmergencyShelter	0			
EmergencyShelter	1	m_ShelterCapacity	System.Int32	
EmergencyShelter	2	m_VehicleCapacity	System.Int32	
EmissiveProperties	0			
EmissiveProperties	1	m_SingleLights	System.Collections.Generic.List`1[Game.Prefabs.EmissiveProperties+SingleLightMapping]	
EmissiveProperties	2	m_MultiLights	System.Collections.Generic.List`1[Game.Prefabs.EmissiveProperties+MultiLightMapping]	
EmissiveProperties	3	m_AnimationCurves	System.Collections.Generic.List`1[Game.Prefabs.EmissiveProperties+AnimationProperties]	
EmissiveProperties	4	m_SignalGroupAnimations	System.Collections.Generic.List`1[Game.Prefabs.EmissiveProperties+SignalGroupAnimation]	
EnclosedArea	0			
EnclosedArea	1	m_BorderLaneType	Game.Prefabs.NetLanePrefab	
EnclosedArea	2	m_CounterClockWise	System.Boolean	
EventAchievementComponent	0			
EventAchievementComponent	1	m_Achievements	Game.Prefabs.EventAchievementComponent+EventAchievementSetup[]	
EventPrefab	0			
EventPrefab	1	m_ConcurrentLimit	System.Int32	
ExpenseStatistic	0			
ExpenseStatistic	1	m_Expenses	Game.Prefabs.ExpenseSourceInfo[]	
ExpenseStatistic	2	m_Category	Game.Prefabs.UIStatisticsCategoryPrefab	
ExpenseStatistic	3	m_Group	Game.Prefabs.UIStatisticsGroupPrefab	
ExpenseStatistic	4	m_StatisticsType	Game.City.StatisticType	
ExpenseStatistic	5	m_CollectionType	Game.City.StatisticCollectionType	
ExpenseStatistic	6	m_UnitType	Game.City.StatisticUnitType	
ExpenseStatistic	7	m_Color	UnityEngine.Color	
ExpenseStatistic	8	m_Stacked	System.Boolean	
ExtractorArea	0			
ExtractorArea	1	m_MapFeature	Game.Areas.MapFeature	
ExtractorArea	2	m_ObjectSpawnFactor	System.Single	Spawned object surface area per extracted resource amount
ExtractorArea	3	m_MaxObjectArea	System.Single	Maximum object surface area proportion of total extractor area
ExtractorArea	4	m_RequireNaturalResource	System.Boolean	Determines whether or not producing this resource requires a set Natural Resource; Fertile Land, Forest, Ore, Oil
ExtractorArea	5	m_WorkAmountFactor	System.Single	The work vehicle spawn factor that multiply to extractor company's work amount
ExtractorCompany	0			
ExtractorFacility	0			
ExtractorFacility	1	m_RotationRange	Colossal.Mathematics.Bounds1	
ExtractorFacility	2	m_HeightOffset	Colossal.Mathematics.Bounds1	
ExtractorFacility	3	m_RouteNeeded	System.Boolean	
ExtractorFacility	4	m_NetNeeded	System.Boolean	
ExtractorParameterPrefab	0			
ExtractorParameterPrefab	1	m_FertilityConsumption	System.Single	How much of the fertility resource is consumed per produced agricultural unit
ExtractorParameterPrefab	2	m_FishConsumption	System.Single	How much of the fish resource is consumed per produced aquacultural unit
ExtractorParameterPrefab	3	m_OreConsumption	System.Single	How much ore can be extracted before efficiency drops to 1/2.71th of the original
ExtractorParameterPrefab	4	m_ForestConsumption	System.Single	How much of the forest resource is consumed per produced wood unit
ExtractorParameterPrefab	5	m_OilConsumption	System.Single	How much oil can be extracted before efficiency drops to 1/2.71th of the original
ExtractorParameterPrefab	6	m_FullFertility	System.Single	If the resource concentration goes under this limit, the productivity starts to drop
ExtractorParameterPrefab	7	m_FullFish	System.Single	If the resource concentration goes under this limit, the productivity starts to drop
ExtractorParameterPrefab	8	m_FullOre	System.Single	If the resource concentration goes under this limit, the productivity starts to drop
ExtractorParameterPrefab	9	m_FullOil	System.Single	If the resource concentration goes under this limit, the productivity starts to drop
FeaturePrefab	0			
FeedbackConfigurationPrefab	0			
FeedbackConfigurationPrefab	1	m_HappyFaceNotification	Game.Prefabs.NotificationIconPrefab	
FeedbackConfigurationPrefab	2	m_SadFaceNotification	Game.Prefabs.NotificationIconPrefab	
FeedbackConfigurationPrefab	3	m_GarbageProducerGarbageFactor	System.Single	
FeedbackConfigurationPrefab	4	m_GarbageVehicleFactor	System.Single	
FeedbackConfigurationPrefab	5	m_HospitalAmbulanceFactor	System.Single	
FeedbackConfigurationPrefab	6	m_HospitalHelicopterFactor	System.Single	
FeedbackConfigurationPrefab	7	m_HospitalCapacityFactor	System.Single	
FeedbackConfigurationPrefab	8	m_DeathcareHearseFactor	System.Single	
FeedbackConfigurationPrefab	9	m_DeathcareCapacityFactor	System.Single	
FeedbackConfigurationPrefab	10	m_DeathcareProcessingFactor	System.Single	
FeedbackConfigurationPrefab	11	m_ElectricityConsumptionFactor	System.Single	
FeedbackConfigurationPrefab	12	m_ElectricityProductionFactor	System.Single	
FeedbackConfigurationPrefab	13	m_TransformerRadius	System.Single	
FeedbackConfigurationPrefab	14	m_WaterConsumptionFactor	System.Single	
FeedbackConfigurationPrefab	15	m_WaterCapacityFactor	System.Single	
FeedbackConfigurationPrefab	16	m_WaterConsumerSewageFactor	System.Single	
FeedbackConfigurationPrefab	17	m_SewageCapacityFactor	System.Single	
FeedbackConfigurationPrefab	18	m_TransportVehicleCapacityFactor	System.Single	
FeedbackConfigurationPrefab	19	m_TransportDispatchCenterFactor	System.Single	
FeedbackConfigurationPrefab	20	m_TransportStationRange	System.Single	
FeedbackConfigurationPrefab	21	m_TransportStopRange	System.Single	
FeedbackConfigurationPrefab	22	m_MailProducerMailFactor	System.Single	
FeedbackConfigurationPrefab	23	m_PostFacilityVanFactor	System.Single	
FeedbackConfigurationPrefab	24	m_PostFacilityTruckFactor	System.Single	
FeedbackConfigurationPrefab	25	m_PostFacilityCapacityFactor	System.Single	
FeedbackConfigurationPrefab	26	m_PostFacilityProcessingFactor	System.Single	
FeedbackConfigurationPrefab	27	m_TelecomCapacityFactor	System.Single	
FeedbackConfigurationPrefab	28	m_ElementarySchoolCapacityFactor	System.Single	
FeedbackConfigurationPrefab	29	m_HighSchoolCapacityFactor	System.Single	
FeedbackConfigurationPrefab	30	m_CollegeCapacityFactor	System.Single	
FeedbackConfigurationPrefab	31	m_UniversityCapacityFactor	System.Single	
FeedbackConfigurationPrefab	32	m_ParkingFacilityRange	System.Single	
FeedbackConfigurationPrefab	33	m_MaintenanceVehicleFactor	System.Single	
FeedbackConfigurationPrefab	34	m_FireStationEngineFactor	System.Single	
FeedbackConfigurationPrefab	35	m_FireStationHelicopterFactor	System.Single	
FeedbackConfigurationPrefab	36	m_CrimeProducerCrimeFactor	System.Single	
FeedbackConfigurationPrefab	37	m_PoliceStationCarFactor	System.Single	
FeedbackConfigurationPrefab	38	m_PoliceStationHelicopterFactor	System.Single	
FeedbackConfigurationPrefab	39	m_PoliceStationCapacityFactor	System.Single	
FeedbackConfigurationPrefab	40	m_PrisonVehicleFactor	System.Single	
FeedbackConfigurationPrefab	41	m_PrisonCapacityFactor	System.Single	
FeedbackConfigurationPrefab	42	m_GroundPollutionFactor	System.Single	
FeedbackConfigurationPrefab	43	m_AirPollutionFactor	System.Single	
FeedbackConfigurationPrefab	44	m_NoisePollutionFactor	System.Single	
FeedbackConfigurationPrefab	45	m_GroundPollutionRadius	System.Single	
FeedbackConfigurationPrefab	46	m_AirPollutionRadius	System.Single	
FeedbackConfigurationPrefab	47	m_NoisePollutionRadius	System.Single	
FeedbackConfigurationPrefab	48	m_AttractivenessFactor	System.Single	
FeedbackConfigurationPrefab	49	m_LocalModifierFactors	System.Single[]	
FeedbackConfigurationPrefab	50	m_CityModifierFactors	System.Single[]	
FencePrefab	0			
FencePrefab	1	m_Sections	Game.Prefabs.NetSectionInfo[]	
FencePrefab	2	m_EdgeStates	Game.Prefabs.NetEdgeStateInfo[]	
FencePrefab	3	m_NodeStates	Game.Prefabs.NetNodeStateInfo[]	
FencePrefab	4	m_MaxSlopeSteepness	System.Single	
FencePrefab	5	m_AggregateType	Game.Prefabs.AggregateNetPrefab	
FencePrefab	6	m_StyleType	Game.Prefabs.GroupPrefab	
FencePrefab	7	m_InvertMode	Game.Prefabs.CompositionInvertMode	
Fire	0			
Fire	1	m_RandomTargetType	Game.Prefabs.EventTargetType	
Fire	2	m_StartProbability	System.Single	
Fire	3	m_StartIntensity	System.Single	
Fire	4	m_EscalationRate	System.Single	
Fire	5	m_SpreadProbability	System.Single	
Fire	6	m_SpreadRange	System.Single	
FireConfigurationPrefab	0			
FireConfigurationPrefab	1	m_FireNotificationPrefab	Game.Prefabs.NotificationIconPrefab	
FireConfigurationPrefab	2	m_BurnedDownNotificationPrefab	Game.Prefabs.NotificationIconPrefab	
FireConfigurationPrefab	3	m_DefaultStructuralIntegrity	System.Single	
FireConfigurationPrefab	4	m_BuildingStructuralIntegrity	System.Single	
FireConfigurationPrefab	5	m_StructuralIntegrityLevel1	System.Single	
FireConfigurationPrefab	6	m_StructuralIntegrityLevel2	System.Single	
FireConfigurationPrefab	7	m_StructuralIntegrityLevel3	System.Single	
FireConfigurationPrefab	8	m_StructuralIntegrityLevel4	System.Single	
FireConfigurationPrefab	9	m_StructuralIntegrityLevel5	System.Single	
FireConfigurationPrefab	10	m_ResponseTimeRange	Colossal.Mathematics.Bounds1	
FireConfigurationPrefab	11	m_TelecomResponseTimeModifier	System.Single	
FireConfigurationPrefab	12	m_DarknessResponseTimeModifier	System.Single	
FireConfigurationPrefab	13	m_TemperatureForestFireHazard	UnityEngine.AnimationCurve	
FireConfigurationPrefab	14	m_NoRainForestFireHazard	UnityEngine.AnimationCurve	
FireConfigurationPrefab	15	m_DeathRateOfFireAccident	System.Single	
FireEngine	0			
FireEngine	1	m_ExtinguishingRate	System.Single	
FireEngine	2	m_ExtinguishingSpread	System.Single	
FireEngine	3	m_ExtinguishingCapacity	System.Single	
FireEngine	4	m_DestroyedClearDuration	System.Single	
FireMode	0			
FireMode	1	m_ModeDatas	Game.Prefabs.Modes.FireMode+ModeData[]	
FireStation	0			
FireStation	1	m_FireEngineCapacity	System.Int32	
FireStation	2	m_FireHelicopterCapacity	System.Int32	
FireStation	3	m_DisasterResponseCapacity	System.Int32	
FireStation	4	m_VehicleEfficiency	System.Single	
FirewatchTower	0			
FloatingObject	0			
FloatingObject	1	m_FloatingOffset	System.Single	
FloatingObject	2	m_FixedToBottom	System.Boolean	
FloatingObject	3	m_AllowDryland	System.Boolean	
FlyingAnimal	0			
FlyingAnimal	1	m_FlySpeed	System.Single	
FlyingAnimal	2	m_FlyHeight	Colossal.Mathematics.Bounds1	
FogProperties	0			
FogProperties	1	m_AttenuationDistance	UnityEngine.Rendering.MinFloatParameter	
FogProperties	2	m_BaseHeight	UnityEngine.Rendering.FloatParameter	
FogProperties	3	m_MaximumHeight	UnityEngine.Rendering.FloatParameter	
FogProperties	4	m_MaxFogDistance	UnityEngine.Rendering.MinFloatParameter	
FogProperties	5	m_Tint	UnityEngine.Rendering.ColorParameter	
FogProperties	6	m_InterpolationMode	Game.Prefabs.Climate.OverrideablePropertiesComponent+InterpolationMode	
FogProperties	7	m_InterpolationTime	System.Single	
ForceTutorialCompletion	0			
ForceUIGroupUnlock	0			
ForceUIGroupUnlock	1	m_Unlocks	Game.Prefabs.UIGroupPrefab[]	UIGroups listed here will unlock whenever this prefab unlocks, regardless if their own unlock requirements have been met.
ForceUnlockRequirement	0			
ForceUnlockRequirement	1	m_Prefab	Game.Prefabs.PrefabBase	
GameModeInfoPrefab	0			
GameModeInfoPrefab	1	m_ModeSetting	Game.Prefabs.Modes.ModeSetting	
GameModeInfoPrefab	2	m_Image	System.String	
GameModeInfoPrefab	3	m_DecorateImage	System.String	
GameModeInfoPrefab	4	m_Descriptions	Game.Prefabs.Modes.GameModeRule[]	
GarbageFacility	0			
GarbageFacility	1	m_GarbageCapacity	System.Int32	
GarbageFacility	2	m_VehicleCapacity	System.Int32	
GarbageFacility	3	m_TransportCapacity	System.Int32	
GarbageFacility	4	m_ProcessingSpeed	System.Int32	
GarbageFacility	5	m_IndustrialWasteOnly	System.Boolean	
GarbageFacility	6	m_LongTermStorage	System.Boolean	
GarbagePowered	0			
GarbagePowered	1	m_ProductionPerUnit	System.Single	
GarbagePowered	2	m_Capacity	System.Int32	
GarbagePrefab	0			
GarbagePrefab	1	m_GarbageServicePrefab	Game.Prefabs.ServicePrefab	
GarbagePrefab	2	m_GarbageNotificationPrefab	Game.Prefabs.NotificationIconPrefab	
GarbagePrefab	3	m_FacilityFullNotificationPrefab	Game.Prefabs.NotificationIconPrefab	
GarbagePrefab	4	m_HomelessGarbageProduce	System.Int32	The garbage produce amount of homeless
GarbagePrefab	5	m_CollectionGarbageLimit	System.Int32	
GarbagePrefab	6	m_RequestGarbageLimit	System.Int32	
GarbagePrefab	7	m_WarningGarbageLimit	System.Int32	
GarbagePrefab	8	m_MaxGarbageAccumulation	System.Int32	
GarbagePrefab	9	m_BuildingLevelBalance	System.Single	
GarbagePrefab	10	m_EducationBalance	System.Single	
GarbagePrefab	11	m_HappinessEffectBaseline	System.Int32	The baseline of garbage accumulated amount to affect happiness
GarbagePrefab	12	m_HappinessEffectStep	System.Int32	The step of garbage accumulated amount to affect happiness, e.g. baseline(100)+step(65) = 165 accumulated garbage to have -1 happiness bonus
GarbageTruck	0			
GarbageTruck	1	m_GarbageCapacity	System.Int32	
GarbageTruck	2	m_UnloadRate	System.Int32	
Gate	0			
Gate	1	m_BypassPathPrefab	Game.Prefabs.VerifiedPathPrefab	
GlossaryCategoryPrefab	0			
GlossaryCategoryPrefab	1	m_Icon	System.String	
GlossaryCategoryPrefab	2	m_Dlc	Colossal.PSI.Common.DlcId	
GlossaryCategoryPrefab	3	m_Sections	Game.Prefabs.GlossarySectionPrefab[]	
GlossarySectionPrefab	0			
GlossaryTabPrefab	0			
GlossaryTabPrefab	1	m_Icon	System.String	
GlossaryTabPrefab	2	m_Categories	Game.Prefabs.GlossaryCategoryPrefab[]	
GroundWaterPowered	0			
GroundWaterPowered	1	m_Production	System.Int32	
GroundWaterPowered	2	m_MaximumGroundWater	System.Int32	
GroupAmbience	0			
GroupAmbience	1	m_AmbienceType	Game.Simulation.GroupAmbienceType	
GroupPrefab	0			
GuideLineSettings	0			
GuideLineSettings	1	m_VeryLowPriorityColor	UnityEngine.Color	
GuideLineSettings	2	m_LowPriorityColor	UnityEngine.Color	
GuideLineSettings	3	m_MediumPriorityColor	UnityEngine.Color	
GuideLineSettings	4	m_HighPriorityColor	UnityEngine.Color	
GuideLineSettings	5	m_PositiveFeedbackColor	UnityEngine.Color	
GuideLineSettings	6	m_WaterSourceColors	Game.Prefabs.GuideLineSettings+WaterSourceColor[]	
HangaroundArea	0			
HangaroundArea	1	m_Activities	Game.Prefabs.ActivityType[]	
HappinessFactorParameterPrefab	0			
HappinessFactorParameterPrefab	1	m_BaseLevels	System.Int32[]	
HappinessFactorParameterPrefab	2	m_LockedEntities	Game.Prefabs.PrefabBase[]	
HaveCoordinatedMeeting	0			
HaveCoordinatedMeeting	1	m_Phases	Game.Prefabs.CoordinatedMeetingPhase[]	
HealthcareParametersMode	0			
HealthcareParametersMode	1	m_TransportWarningTime	System.Single	
HealthcareParametersMode	2	m_NoResourceTreatmentPenalty	System.Single	
HealthcareParametersMode	3	m_BuildingDestoryDeathRate	System.Single	
HealthcareParametersMode	4	m_DeathRate	UnityEngine.AnimationCurve	
HealthcareParametersMode	5	m_LegacyDeathRate	UnityEngine.AnimationCurve	
HealthcarePrefab	0			
HealthcarePrefab	1	m_HealthcareServicePrefab	Game.Prefabs.PrefabBase	
HealthcarePrefab	2	m_AmbulanceNotificationPrefab	Game.Prefabs.NotificationIconPrefab	
HealthcarePrefab	3	m_HearseNotificationPrefab	Game.Prefabs.NotificationIconPrefab	
HealthcarePrefab	4	m_FacilityFullNotificationPrefab	Game.Prefabs.NotificationIconPrefab	
HealthcarePrefab	5	m_TransportWarningTime	System.Single	Healthcare transporting notification time in seconds
HealthcarePrefab	6	m_NoResourceTreatmentPenalty	System.Single	
HealthcarePrefab	7	m_BuildingDestoryDeathRate	System.Single	
HealthcarePrefab	8	m_DeathRate	UnityEngine.AnimationCurve	
HealthcarePrefab	9	m_LegacyDeathRate	UnityEngine.AnimationCurve	
HealthEvent	0			
HealthEvent	1	m_RandomTargetType	Game.Prefabs.EventTargetType	
HealthEvent	2	m_HealthEventType	Game.Prefabs.HealthEventType	
HealthEvent	3	m_OccurenceProbability	Colossal.Mathematics.Bounds1	
HealthEvent	4	m_TransportProbability	Colossal.Mathematics.Bounds1	
HealthEvent	5	m_RequireTracking	System.Boolean	
Hearse	0			
Hearse	1	m_CorpseCapacity	System.Int32	
HeatmapInfomodePrefab	0			
HeatmapInfomodePrefab	1	m_Type	Game.Rendering.HeatmapData	
HeatmapInfomodePrefab	2	m_Low	UnityEngine.Color	
HeatmapInfomodePrefab	3	m_Medium	UnityEngine.Color	
HeatmapInfomodePrefab	4	m_High	UnityEngine.Color	
HeatmapInfomodePrefab	5	m_Steps	System.Int32	
HeatmapInfomodePrefab	6	m_LegendType	Game.Prefabs.GradientLegendType	
HeatmapInfomodePrefab	7	m_LowLabelId	System.String	Good, Bad, Low, High, Weak, Strong, Old, Young
HeatmapInfomodePrefab	8	m_MediumLabelId	System.String	
HeatmapInfomodePrefab	9	m_HighLabelId	System.String	Good, Bad, Low, High, Weak, Strong, Old, Young
HeatmapInfomodePrefab	10	m_IncludeInGroups	Game.Prefabs.InfomodeGroupPrefab[]	
HeatmapInfomodePrefab	11	m_Priority	System.Int32	
HeatmapInfomodePrefab	12	editor	System.Boolean	
HelicopterPrefab	0			
HelicopterPrefab	1	m_FlyingMaxSpeed	System.Single	
HelicopterPrefab	2	m_FlyingAcceleration	System.Single	
HelicopterPrefab	3	m_FlyingAngularAcceleration	System.Single	
HelicopterPrefab	4	m_AccelerationSwayFactor	System.Single	
HelicopterPrefab	5	m_VelocitySwayFactor	System.Single	
HelicopterPrefab	6	m_SizeClass	Game.Vehicles.SizeClass	
HelicopterPrefab	7	m_GroundMaxSpeed	System.Single	
HelicopterPrefab	8	m_GroundAcceleration	System.Single	
HelicopterPrefab	9	m_GroundBraking	System.Single	
HelicopterPrefab	10	m_GroundTurning	Unity.Mathematics.float2	
HelicopterPrefab	11	m_Meshes	Game.Prefabs.ObjectMeshInfo[]	
HelicopterPrefab	12	m_Circular	System.Boolean	
Hospital	0			
Hospital	1	m_AmbulanceCapacity	System.Int32	
Hospital	2	m_MedicalHelicopterCapacity	System.Int32	
Hospital	3	m_PatientCapacity	System.Int32	
Hospital	4	m_TreatmentBonus	System.Int32	
Hospital	5	m_HealthRange	Unity.Mathematics.int2	
Hospital	6	m_TreatDiseases	System.Boolean	
Hospital	7	m_TreatInjuries	System.Boolean	
HouseholdPetPrefab	0			
HouseholdPetPrefab	1	m_Type	Game.Prefabs.PetType	
HouseholdPrefab	0			
HouseholdPrefab	1	m_ResourceConsumption	System.Int32	
HouseholdPrefab	2	m_InitialWealthRange	System.Int32	
HouseholdPrefab	3	m_InitialWealthOffset	System.Int32	
HouseholdPrefab	4	m_InitialCarProbability	System.Int32	Percentage chance of arriving with a car
HouseholdPrefab	5	m_ChildCount	System.Int32	
HouseholdPrefab	6	m_AdultCount	System.Int32	
HouseholdPrefab	7	m_ElderlyCount	System.Int32	
HouseholdPrefab	8	m_StudentCount	System.Int32	Guaranteed to be in college/uni age and have education level 2
HouseholdPrefab	9	m_FirstPetProbability	System.Int32	
HouseholdPrefab	10	m_NextPetProbability	System.Int32	
HouseholdPrefab	11	m_DynamicHousehold	System.Boolean	Is this prefab only for households that are created when kids move out of home or people divorce, which do not need random citizens
HouseholdPrefab	12	m_Weight	System.Int32	
HoveringObject	0			
HoveringObject	1	m_HoveringHeight	System.Single	
HumanPrefab	0			
HumanPrefab	1	m_WalkSpeed	System.Single	
HumanPrefab	2	m_RunSpeed	System.Single	
HumanPrefab	3	m_Acceleration	System.Single	
HumanPrefab	4	m_Gender	Game.Prefabs.GenderMask	
HumanPrefab	5	m_Meshes	Game.Prefabs.ObjectMeshInfo[]	
HumanPrefab	6	m_Circular	System.Boolean	
IconConfigurationPrefab	0			
IconConfigurationPrefab	1	m_Material	UnityEngine.Material	
IconConfigurationPrefab	2	m_SelectedMarker	Game.Prefabs.NotificationIconPrefab	
IconConfigurationPrefab	3	m_FollowedMarker	Game.Prefabs.NotificationIconPrefab	
IconConfigurationPrefab	4	m_Animations	Game.Prefabs.IconAnimationInfo[]	
IconConfigurationPrefab	5	m_MissingIcon	UnityEngine.Texture2D	
IncomeStatistic	0			
IncomeStatistic	1	m_Incomes	Game.Prefabs.IncomeSourceInfo[]	
IncomeStatistic	2	m_Category	Game.Prefabs.UIStatisticsCategoryPrefab	
IncomeStatistic	3	m_Group	Game.Prefabs.UIStatisticsGroupPrefab	
IncomeStatistic	4	m_StatisticsType	Game.City.StatisticType	
IncomeStatistic	5	m_CollectionType	Game.City.StatisticCollectionType	
IncomeStatistic	6	m_UnitType	Game.City.StatisticUnitType	
IncomeStatistic	7	m_Color	UnityEngine.Color	
IncomeStatistic	8	m_Stacked	System.Boolean	
InfomodeGroupPrefab	0			
InfomodeGroupPrefab	1	m_Priority	System.Int32	
InfomodeGroupPrefab	2	editor	System.Boolean	
InfoviewPrefab	0			
InfoviewPrefab	1	m_Infomodes	Game.Prefabs.InfomodeInfo[]	
InfoviewPrefab	2	m_DefaultColor	UnityEngine.Color	
InfoviewPrefab	3	m_SecondaryColor	UnityEngine.Color	
InfoviewPrefab	4	m_IconPath	System.String	
InfoviewPrefab	5	m_Priority	System.Int32	
InfoviewPrefab	6	m_Group	System.Int32	
InfoviewPrefab	7	m_WarningCategories	Game.Prefabs.IconCategory[]	
InfoviewPrefab	8	m_EnableNotificationIcon	Game.Prefabs.NotificationIconPrefab	
InfoviewPrefab	9	m_Editor	System.Boolean	
InfoviewPrefab	10	<isValid>k__BackingField	System.Boolean	
InitialResources	0			
InitialResources	1	m_InitialResources	Game.Prefabs.InitialResourceItem[]	
JournalEventComponent	0			
JournalEventComponent	1	m_Icon	System.String	
JournalEventComponent	2	m_TrackedData	Game.Events.EventDataTrackingType[]	
JournalEventComponent	3	m_TrackedCityEffects	Game.Events.EventCityEffectTrackingType[]	
LandValuePrefab	0			
LandValuePrefab	1	m_LandValueInfoViewPrefab	Game.Prefabs.InfoviewPrefab	
LandValuePrefab	2	m_LandValueBaseline	System.Single	This is the baseline of land value, land value less or equal this won't be showed with gizmos
LandValuePrefab	3	m_HealthCoverageBonusMultiplier	System.Single	This is the multiplier to the health service coverage bonus
LandValuePrefab	4	m_EducationCoverageBonusMultiplier	System.Single	This is the multiplier to the education service coverage bonus
LandValuePrefab	5	m_PoliceCoverageBonusMultiplier	System.Single	This is the multiplier to the police service coverage bonus
LandValuePrefab	6	m_AttractivenessBonusMultiplier	System.Single	This is the multiplier to both terrain attractiveness and tourism building attractiveness bonus
LandValuePrefab	7	m_TelecomCoverageBonusMultiplier	System.Single	This is the multiplier to the telecom coverage bonus
LandValuePrefab	8	m_CommercialServiceBonusMultiplier	System.Single	This is the multiplier to the commercial service bonus
LandValuePrefab	9	m_BusBonusMultiplier	System.Single	This is the multiplier to the bus transportation bonus
LandValuePrefab	10	m_TramSubwayBonusMultiplier	System.Single	This is the multiplier to the tram or Subway transportation bonus
LandValuePrefab	11	m_CommonFactorMaxBonus	System.Int32	This is the max bonus money a common factor can contribute
LandValuePrefab	12	m_GroundPollutionPenaltyMultiplier	System.Single	This is the multiplier to the ground pollution penalty
LandValuePrefab	13	m_AirPollutionPenaltyMultiplier	System.Single	This is the multiplier to the air pollution penalty
LandValuePrefab	14	m_NoisePollutionPenaltyMultiplier	System.Single	This is the multiplier to the noise pollution penalty
LaneBlock	0			
LaneDeterioration	0			
LaneDeterioration	1	m_TrafficDeterioration	System.Single	
LaneDeterioration	2	m_TimeDeterioration	System.Single	
LaneDirectionObject	0			
LaneDirectionObject	1	m_Left	Game.Prefabs.LaneDirectionType	
LaneDirectionObject	2	m_Forward	Game.Prefabs.LaneDirectionType	
LaneDirectionObject	3	m_Right	Game.Prefabs.LaneDirectionType	
LeisureParametersPrefab	0			
LeisureParametersPrefab	1	m_TravelingEvent	Game.Prefabs.EventPrefab	
LeisureParametersPrefab	2	m_AttractionPrefab	Game.Prefabs.EventPrefab	
LeisureParametersPrefab	3	m_SightseeingPrefab	Game.Prefabs.EventPrefab	
LeisureParametersPrefab	4	m_LeisureRandomFactor	System.Int32	Maximum range for leisure randomization. When a citizen's leisure ≤ 128, a random number [0..m_LeisureRandomFactor) is generated. If the result is less than the citizen's leisure value, they will engage in leisure.
LeisureParametersPrefab	5	m_ChanceCitizenDecreaseLeisureCounter	System.Int32	Chance for citizen to decrease leisure counter per update
LeisureParametersPrefab	6	m_ChanceTouristDecreaseLeisureCounter	System.Int32	Chance for tourist to decrease leisure counter per update
LeisureParametersPrefab	7	m_AmountLeisureCounterDecrease	System.Int32	The amount to decrease leisure counter when it is decreased
LeisureParametersPrefab	8	m_TouristLodgingConsumePerDay	System.Int32	The lodging resource consuming speed of tourist.
LeisureParametersPrefab	9	m_TouristServiceConsumePerDay	System.Int32	The service available consuming speed of tourist
LeisureProvider	0			
LeisureProvider	1	m_Efficiency	System.Int32	
LeisureProvider	2	m_Resources	Game.Economy.ResourceInEditor	
LeisureProvider	3	m_LeisureType	Game.Agents.LeisureType	
LifePathEvent	0			
LifePathEvent	1	m_EventType	Game.Prefabs.LifePathEventType	
LifePathEvent	2	m_IsChirp	System.Boolean	
LightEffect	0			
LightEffect	1	m_Type	Game.Rendering.LightType	
LightEffect	2	m_SpotShape	Game.Rendering.SpotLightShape	
LightEffect	3	m_AreaShape	Game.Rendering.AreaLightShape	
LightEffect	4	m_Range	System.Single	
LightEffect	5	m_Intensity	System.Single	
LightEffect	6	m_LightIntensity	Game.Prefabs.Effects.LightIntensity	
LightEffect	7	m_LuxAtDistance	System.Single	
LightEffect	8	m_LightUnit	Game.Rendering.LightUnit	
LightEffect	9	m_EnableSpotReflector	System.Boolean	
LightEffect	10	m_SpotAngle	System.Single	
LightEffect	11	m_InnerSpotPercentage	System.Single	
LightEffect	12	m_ShapeRadius	System.Single	
LightEffect	13	m_AspectRatio	System.Single	
LightEffect	14	m_ShapeWidth	System.Single	
LightEffect	15	m_ShapeHeight	System.Single	
LightEffect	16	m_UseColorTemperature	System.Boolean	
LightEffect	17	m_Color	UnityEngine.Color	
LightEffect	18	m_ColorTemperature	System.Single	
LightEffect	19	m_Cookie	UnityEngine.Texture	
LightEffect	20	m_AffectDiffuse	System.Boolean	
LightEffect	21	m_AffectSpecular	System.Boolean	
LightEffect	22	m_ApplyRangeAttenuation	System.Boolean	
LightEffect	23	m_LightDimmer	System.Single	
LightEffect	24	m_LodBias	System.Single	
LightEffect	25	m_BarnDoorAngle	System.Single	
LightEffect	26	m_BarnDoorLength	System.Single	
LightEffect	27	m_UseVolumetric	System.Boolean	
LightEffect	28	m_VolumetricDimmer	System.Single	
LightEffect	29	m_VolumetricFadeDistance	System.Single	
LimitSettingPrefab	0			
LimitSettingPrefab	1	m_MaxChirpsLimit	System.Int32	
LivePathPrefab	0			
LivePathPrefab	1	m_Material	UnityEngine.Material	
LivePathPrefab	2	m_Width	System.Single	
LivePathPrefab	3	m_SegmentLength	System.Single	
LivePathPrefab	4	m_Color	UnityEngine.Color	
LivePathPrefab	5	m_LocaleID	System.String	
LocalEffects	0			
LocalEffects	1	m_Effects	Game.Prefabs.LocalEffectInfo[]	
LocalEffectsPrefab	0			
LocalEffectsPrefab	1	m_Effects	Game.Prefabs.LocalEffectInfo[]	
LodProperties	0			
LodProperties	1	m_Bias	System.Single	
LodProperties	2	m_ShadowBias	System.Single	
LodProperties	3	m_LodMeshes	Game.Prefabs.RenderPrefab[]	
LotPrefab	0			
LotPrefab	1	m_MaxRadius	System.Single	
LotPrefab	2	m_RangeColor	UnityEngine.Color	
LotPrefab	3	m_OnWater	System.Boolean	
LotPrefab	4	m_AllowOverlap	System.Boolean	
LotPrefab	5	m_AllowEditing	System.Boolean	
LotPrefab	6	m_Color	UnityEngine.Color	
LotPrefab	7	m_EdgeColor	UnityEngine.Color	
LotPrefab	8	m_SelectionColor	UnityEngine.Color	
LotPrefab	9	m_SelectionEdgeColor	UnityEngine.Color	
MailAccumulation	0			
MailAccumulation	1	m_RequireCollect	System.Boolean	
MailAccumulation	2	m_SendingRate	System.Single	
MailAccumulation	3	m_ReceivingRate	System.Single	
MailBox	0			
MailBox	1	m_MailCapacity	System.Int32	
MailBox	2	m_ComfortFactor	System.Single	
MaintenanceDepot	0			
MaintenanceDepot	1	m_MaintenanceType	Game.Simulation.MaintenanceType	
MaintenanceDepot	2	m_VehicleCapacity	System.Int32	
MaintenanceDepot	3	m_VehicleEfficiency	System.Single	
MaintenanceVehicle	0			
MaintenanceVehicle	1	m_MaintenanceType	Game.Simulation.MaintenanceType	
MaintenanceVehicle	2	m_MaintenanceCapacity	System.Int32	
MaintenanceVehicle	3	m_MaintenanceRate	System.Int32	
ManualUITagsConfiguration	0			
ManualUITagsConfiguration	1	m_ChirperPanel	Game.Prefabs.UITagPrefab	
ManualUITagsConfiguration	2	m_ChirperPanelButton	Game.Prefabs.UITagPrefab	
ManualUITagsConfiguration	3	m_ChirperPanelChirps	Game.Prefabs.UITagPrefab	
ManualUITagsConfiguration	4	m_CityInfoPanel	Game.Prefabs.UITagPrefab	
ManualUITagsConfiguration	5	m_CityInfoPanelButton	Game.Prefabs.UITagPrefab	
ManualUITagsConfiguration	6	m_CityInfoPanelDemandPage	Game.Prefabs.UITagPrefab	
ManualUITagsConfiguration	7	m_CityInfoPanelDemandTab	Game.Prefabs.UITagPrefab	
ManualUITagsConfiguration	8	m_CityInfoPanelPoliciesPage	Game.Prefabs.UITagPrefab	
ManualUITagsConfiguration	9	m_CityInfoPanelPoliciesTab	Game.Prefabs.UITagPrefab	
ManualUITagsConfiguration	10	m_EconomyPanelBudgetBalance	Game.Prefabs.UITagPrefab	
ManualUITagsConfiguration	11	m_EconomyPanelBudgetExpenses	Game.Prefabs.UITagPrefab	
ManualUITagsConfiguration	12	m_EconomyPanelBudgetPage	Game.Prefabs.UITagPrefab	
ManualUITagsConfiguration	13	m_EconomyPanelBudgetRevenue	Game.Prefabs.UITagPrefab	
ManualUITagsConfiguration	14	m_EconomyPanelBudgetTab	Game.Prefabs.UITagPrefab	
ManualUITagsConfiguration	15	m_EconomyPanelButton	Game.Prefabs.UITagPrefab	
ManualUITagsConfiguration	16	m_EconomyPanelLoansAccept	Game.Prefabs.UITagPrefab	
ManualUITagsConfiguration	17	m_EconomyPanelLoansPage	Game.Prefabs.UITagPrefab	
ManualUITagsConfiguration	18	m_EconomyPanelLoansSlider	Game.Prefabs.UITagPrefab	
ManualUITagsConfiguration	19	m_EconomyPanelLoansTab	Game.Prefabs.UITagPrefab	
ManualUITagsConfiguration	20	m_EconomyPanelProductionPage	Game.Prefabs.UITagPrefab	
ManualUITagsConfiguration	21	m_EconomyPanelProductionResources	Game.Prefabs.UITagPrefab	
ManualUITagsConfiguration	22	m_EconomyPanelProductionDiagram	Game.Prefabs.UITagPrefab	
ManualUITagsConfiguration	23	m_EconomyPanelProductionData	Game.Prefabs.UITagPrefab	
ManualUITagsConfiguration	24	m_EconomyPanelProductionTab	Game.Prefabs.UITagPrefab	
ManualUITagsConfiguration	25	m_EconomyPanelServicesBudget	Game.Prefabs.UITagPrefab	
ManualUITagsConfiguration	26	m_EconomyPanelServicesList	Game.Prefabs.UITagPrefab	
ManualUITagsConfiguration	27	m_EconomyPanelServicesPage	Game.Prefabs.UITagPrefab	
ManualUITagsConfiguration	28	m_EconomyPanelServicesTab	Game.Prefabs.UITagPrefab	
ManualUITagsConfiguration	29	m_EconomyPanelTaxationEstimate	Game.Prefabs.UITagPrefab	
ManualUITagsConfiguration	30	m_EconomyPanelTaxationPage	Game.Prefabs.UITagPrefab	
ManualUITagsConfiguration	31	m_EconomyPanelTaxationRate	Game.Prefabs.UITagPrefab	
ManualUITagsConfiguration	32	m_EconomyPanelTaxationTab	Game.Prefabs.UITagPrefab	
ManualUITagsConfiguration	33	m_EconomyPanelTaxationType	Game.Prefabs.UITagPrefab	
ManualUITagsConfiguration	34	m_EventJournalPanel	Game.Prefabs.UITagPrefab	
ManualUITagsConfiguration	35	m_EventJournalPanelButton	Game.Prefabs.UITagPrefab	
ManualUITagsConfiguration	36	m_InfoviewsButton	Game.Prefabs.UITagPrefab	
ManualUITagsConfiguration	37	m_InfoviewsMenu	Game.Prefabs.UITagPrefab	
ManualUITagsConfiguration	38	m_InfoviewsPanel	Game.Prefabs.UITagPrefab	
ManualUITagsConfiguration	39	m_InfoviewsFireHazard	Game.Prefabs.UITagPrefab	
ManualUITagsConfiguration	40	m_LifePathPanel	Game.Prefabs.UITagPrefab	
ManualUITagsConfiguration	41	m_LifePathPanelBackButton	Game.Prefabs.UITagPrefab	
ManualUITagsConfiguration	42	m_LifePathPanelButton	Game.Prefabs.UITagPrefab	
ManualUITagsConfiguration	43	m_LifePathPanelChirps	Game.Prefabs.UITagPrefab	
ManualUITagsConfiguration	44	m_LifePathPanelDetails	Game.Prefabs.UITagPrefab	
ManualUITagsConfiguration	45	m_MapTilePanel	Game.Prefabs.UITagPrefab	
ManualUITagsConfiguration	46	m_MapTilePanelButton	Game.Prefabs.UITagPrefab	
ManualUITagsConfiguration	47	m_MapTilePanelResources	Game.Prefabs.UITagPrefab	
ManualUITagsConfiguration	48	m_MapTilePanelPurchase	Game.Prefabs.UITagPrefab	
ManualUITagsConfiguration	49	m_PhotoModePanel	Game.Prefabs.UITagPrefab	
ManualUITagsConfiguration	50	m_PhotoModePanelButton	Game.Prefabs.UITagPrefab	
ManualUITagsConfiguration	51	m_PhotoModePanelHideUI	Game.Prefabs.UITagPrefab	
ManualUITagsConfiguration	52	m_PhotoModePanelTakePicture	Game.Prefabs.UITagPrefab	
ManualUITagsConfiguration	53	m_PhotoModeTab	Game.Prefabs.UITagPrefab	
ManualUITagsConfiguration	54	m_PhotoModePanelTitle	Game.Prefabs.UITagPrefab	
ManualUITagsConfiguration	55	m_PhotoModeCinematicCameraToggle	Game.Prefabs.UITagPrefab	
ManualUITagsConfiguration	56	m_CinematicCameraPanel	Game.Prefabs.UITagPrefab	
ManualUITagsConfiguration	57	m_CinematicCameraPanelCaptureKey	Game.Prefabs.UITagPrefab	
ManualUITagsConfiguration	58	m_CinematicCameraPanelPlay	Game.Prefabs.UITagPrefab	
ManualUITagsConfiguration	59	m_CinematicCameraPanelStop	Game.Prefabs.UITagPrefab	
ManualUITagsConfiguration	60	m_CinematicCameraPanelHideUI	Game.Prefabs.UITagPrefab	
ManualUITagsConfiguration	61	m_CinematicCameraPanelSaveLoad	Game.Prefabs.UITagPrefab	
ManualUITagsConfiguration	62	m_CinematicCameraPanelReset	Game.Prefabs.UITagPrefab	
ManualUITagsConfiguration	63	m_CinematicCameraPanelTimelineSlider	Game.Prefabs.UITagPrefab	
ManualUITagsConfiguration	64	m_CinematicCameraPanelTransformCurves	Game.Prefabs.UITagPrefab	
ManualUITagsConfiguration	65	m_CinematicCameraPanelPropertyCurves	Game.Prefabs.UITagPrefab	
ManualUITagsConfiguration	66	m_CinematicCameraPanelPlaybackDurationSlider	Game.Prefabs.UITagPrefab	
ManualUITagsConfiguration	67	m_ProgressionPanel	Game.Prefabs.UITagPrefab	
ManualUITagsConfiguration	68	m_ProgressionPanelButton	Game.Prefabs.UITagPrefab	
ManualUITagsConfiguration	69	m_ProgressionPanelDevelopmentNode	Game.Prefabs.UITagPrefab	
ManualUITagsConfiguration	70	m_ProgressionPanelDevelopmentPage	Game.Prefabs.UITagPrefab	
ManualUITagsConfiguration	71	m_ProgressionPanelDevelopmentService	Game.Prefabs.UITagPrefab	
ManualUITagsConfiguration	72	m_ProgressionPanelDevelopmentTab	Game.Prefabs.UITagPrefab	
ManualUITagsConfiguration	73	m_ProgressionPanelDevelopmentUnlockableNode	Game.Prefabs.UITagPrefab	
ManualUITagsConfiguration	74	m_ProgressionPanelDevelopmentUnlockNode	Game.Prefabs.UITagPrefab	
ManualUITagsConfiguration	75	m_ProgressionPanelMilestoneRewards	Game.Prefabs.UITagPrefab	
ManualUITagsConfiguration	76	m_ProgressionPanelMilestoneRewardsMoney	Game.Prefabs.UITagPrefab	
ManualUITagsConfiguration	77	m_ProgressionPanelMilestoneRewardsDevPoints	Game.Prefabs.UITagPrefab	
ManualUITagsConfiguration	78	m_ProgressionPanelMilestoneRewardsMapTiles	Game.Prefabs.UITagPrefab	
ManualUITagsConfiguration	79	m_ProgressionPanelMilestonesList	Game.Prefabs.UITagPrefab	
ManualUITagsConfiguration	80	m_ProgressionPanelMilestonesPage	Game.Prefabs.UITagPrefab	
ManualUITagsConfiguration	81	m_ProgressionPanelMilestonesTab	Game.Prefabs.UITagPrefab	
ManualUITagsConfiguration	82	m_ProgressionPanelMilestoneXP	Game.Prefabs.UITagPrefab	
ManualUITagsConfiguration	83	m_RadioPanel	Game.Prefabs.UITagPrefab	
ManualUITagsConfiguration	84	m_RadioPanelAdsToggle	Game.Prefabs.UITagPrefab	
ManualUITagsConfiguration	85	m_RadioPanelButton	Game.Prefabs.UITagPrefab	
ManualUITagsConfiguration	86	m_RadioPanelNetworks	Game.Prefabs.UITagPrefab	
ManualUITagsConfiguration	87	m_RadioPanelStations	Game.Prefabs.UITagPrefab	
ManualUITagsConfiguration	88	m_RadioPanelVolumeSlider	Game.Prefabs.UITagPrefab	
ManualUITagsConfiguration	89	m_StatisticsPanel	Game.Prefabs.UITagPrefab	
ManualUITagsConfiguration	90	m_StatisticsPanelButton	Game.Prefabs.UITagPrefab	
ManualUITagsConfiguration	91	m_StatisticsPanelMenu	Game.Prefabs.UITagPrefab	
ManualUITagsConfiguration	92	m_StatisticsPanelTimeScale	Game.Prefabs.UITagPrefab	
ManualUITagsConfiguration	93	m_ToolbarBulldozerBar	Game.Prefabs.UITagPrefab	
ManualUITagsConfiguration	94	m_ToolbarDemand	Game.Prefabs.UITagPrefab	
ManualUITagsConfiguration	95	m_ToolbarSimulationDateTime	Game.Prefabs.UITagPrefab	
ManualUITagsConfiguration	96	m_ToolbarSimulationSpeed	Game.Prefabs.UITagPrefab	
ManualUITagsConfiguration	97	m_ToolbarSimulationToggle	Game.Prefabs.UITagPrefab	
ManualUITagsConfiguration	98	m_ToolbarUnderground	Game.Prefabs.UITagPrefab	
ManualUITagsConfiguration	99	m_ToolOptions	Game.Prefabs.UITagPrefab	
ManualUITagsConfiguration	100	m_ToolOptionsBrushSize	Game.Prefabs.UITagPrefab	
ManualUITagsConfiguration	101	m_ToolOptionsBrushStrength	Game.Prefabs.UITagPrefab	
ManualUITagsConfiguration	102	m_ToolOptionsElevation	Game.Prefabs.UITagPrefab	
ManualUITagsConfiguration	103	m_ToolOptionsElevationDecrease	Game.Prefabs.UITagPrefab	
ManualUITagsConfiguration	104	m_ToolOptionsElevationIncrease	Game.Prefabs.UITagPrefab	
ManualUITagsConfiguration	105	m_ToolOptionsElevationStep	Game.Prefabs.UITagPrefab	
ManualUITagsConfiguration	106	m_ToolOptionsModes	Game.Prefabs.UITagPrefab	
ManualUITagsConfiguration	107	m_ToolOptionsModesComplexCurve	Game.Prefabs.UITagPrefab	
ManualUITagsConfiguration	108	m_ToolOptionsModesContinuous	Game.Prefabs.UITagPrefab	
ManualUITagsConfiguration	109	m_ToolOptionsModesGrid	Game.Prefabs.UITagPrefab	
ManualUITagsConfiguration	110	m_ToolOptionsModesReplace	Game.Prefabs.UITagPrefab	
ManualUITagsConfiguration	111	m_ToolOptionsModesSimpleCurve	Game.Prefabs.UITagPrefab	
ManualUITagsConfiguration	112	m_ToolOptionsModesStraight	Game.Prefabs.UITagPrefab	
ManualUITagsConfiguration	113	m_ToolOptionsParallelMode	Game.Prefabs.UITagPrefab	
ManualUITagsConfiguration	114	m_ToolOptionsParallelModeOffset	Game.Prefabs.UITagPrefab	
ManualUITagsConfiguration	115	m_ToolOptionsParallelModeOffsetDecrease	Game.Prefabs.UITagPrefab	
ManualUITagsConfiguration	116	m_ToolOptionsParallelModeOffsetIncrease	Game.Prefabs.UITagPrefab	
ManualUITagsConfiguration	117	m_ToolOptionsSnapping	Game.Prefabs.UITagPrefab	
ManualUITagsConfiguration	118	m_ToolOptionsThemes	Game.Prefabs.UITagPrefab	
ManualUITagsConfiguration	119	m_ToolOptionsAssetPacks	Game.Prefabs.UITagPrefab	
ManualUITagsConfiguration	120	m_ToolOptionsUnderground	Game.Prefabs.UITagPrefab	
ManualUITagsConfiguration	121	m_TransportationOverviewPanel	Game.Prefabs.UITagPrefab	
ManualUITagsConfiguration	122	m_TransportationOverviewPanelButton	Game.Prefabs.UITagPrefab	
ManualUITagsConfiguration	123	m_TransportationOverviewPanelLegend	Game.Prefabs.UITagPrefab	
ManualUITagsConfiguration	124	m_TransportationOverviewPanelLines	Game.Prefabs.UITagPrefab	
ManualUITagsConfiguration	125	m_TransportationOverviewPanelTabCargo	Game.Prefabs.UITagPrefab	
ManualUITagsConfiguration	126	m_TransportationOverviewPanelTabPublicTransport	Game.Prefabs.UITagPrefab	
ManualUITagsConfiguration	127	m_TransportationOverviewPanelTransportTypes	Game.Prefabs.UITagPrefab	
ManualUITagsConfiguration	128	m_SelectedInfoPanel	Game.Prefabs.UITagPrefab	
ManualUITagsConfiguration	129	m_SelectedInfoPanelTitle	Game.Prefabs.UITagPrefab	
ManualUITagsConfiguration	130	m_SelectedInfoPanelPolicies	Game.Prefabs.UITagPrefab	
ManualUITagsConfiguration	131	m_SelectedInfoPanelDelete	Game.Prefabs.UITagPrefab	
ManualUITagsConfiguration	132	m_PauseMenuButton	Game.Prefabs.UITagPrefab	
ManualUITagsConfiguration	133	m_UpgradeGrid	Game.Prefabs.UITagPrefab	
ManualUITagsConfiguration	134	m_AssetGrid	Game.Prefabs.UITagPrefab	
ManualUITagsConfiguration	135	m_ActionHints	Game.Prefabs.UITagPrefab	
ManualUITagsConfiguration	136	m_AssetImportButton	Game.Prefabs.UITagPrefab	
ManualUITagsConfiguration	137	m_EditorInfoViewsPanel	Game.Prefabs.UITagPrefab	
ManualUITagsConfiguration	138	m_EditorCameraControls	Game.Prefabs.UITagPrefab	
ManualUITagsConfiguration	139	m_ResetTODButton	Game.Prefabs.UITagPrefab	
ManualUITagsConfiguration	140	m_SimulationPlayButton	Game.Prefabs.UITagPrefab	
ManualUITagsConfiguration	141	m_TutorialsToggle	Game.Prefabs.UITagPrefab	
ManualUITagsConfiguration	142	m_EditorPauseMenuButton	Game.Prefabs.UITagPrefab	
ManualUITagsConfiguration	143	m_WorkspaceTitleBar	Game.Prefabs.UITagPrefab	
ManualUITagsConfiguration	144	m_BulldozerButton	Game.Prefabs.UITagPrefab	
ManualUITagsConfiguration	145	m_SelectProjectRoot	Game.Prefabs.UITagPrefab	
ManualUITagsConfiguration	146	m_SelectAssets	Game.Prefabs.UITagPrefab	
ManualUITagsConfiguration	147	m_SelectTemplate	Game.Prefabs.UITagPrefab	
ManualUITagsConfiguration	148	m_ImportButton	Game.Prefabs.UITagPrefab	
ManualUITagsConfiguration	149	m_ModifyTerrainButton	Game.Prefabs.UITagPrefab	
ManualUITagsConfiguration	150	m_TerrainTools	Game.Prefabs.UITagPrefab	
ManualUITagsConfiguration	151	m_Heightmaps	Game.Prefabs.UITagPrefab	
ManualUITagsConfiguration	152	m_HeightScale	Game.Prefabs.UITagPrefab	
ManualUITagsConfiguration	153	m_ImportHeightmap	Game.Prefabs.UITagPrefab	
ManualUITagsConfiguration	154	m_ExportHeightmap	Game.Prefabs.UITagPrefab	
ManualUITagsConfiguration	155	m_ImportWorldmap	Game.Prefabs.UITagPrefab	
ManualUITagsConfiguration	156	m_AddObjectButton	Game.Prefabs.UITagPrefab	
ManualUITagsConfiguration	157	m_SearchText	Game.Prefabs.UITagPrefab	
ManualUITagsConfiguration	158	m_FilterMenu	Game.Prefabs.UITagPrefab	
ManualUITagsConfiguration	159	m_AllText	Game.Prefabs.UITagPrefab	
ManualUITagsConfiguration	160	m_ThumbnailSlider	Game.Prefabs.UITagPrefab	
ManualUITagsConfiguration	161	m_FavoriteStar	Game.Prefabs.UITagPrefab	
ManualUITagsConfiguration	162	m_WaterPanel	Game.Prefabs.UITagPrefab	
ManualUITagsConfiguration	163	m_ResourcePanel	Game.Prefabs.UITagPrefab	
ManualUITagsConfiguration	164	m_ClimatePanel	Game.Prefabs.UITagPrefab	
ManualUITagsConfiguration	165	m_MapPanel	Game.Prefabs.UITagPrefab	
ManualUITagsConfiguration	166	m_EnvironmentPanel	Game.Prefabs.UITagPrefab	
ManualUITagsConfiguration	167	m_TerrainPanel	Game.Prefabs.UITagPrefab	
ManualUITagsConfiguration	168	m_AssetImportPanel	Game.Prefabs.UITagPrefab	
ManualUITagsConfiguration	169	m_BulldozeToolPanel	Game.Prefabs.UITagPrefab	
ManualUITagsConfiguration	170	m_PrefabToolPanel	Game.Prefabs.UITagPrefab	
ManualUITagsConfiguration	171	m_TutorialListPanel	Game.Prefabs.UITagPrefab	
ManualUnlockable	0			
MapTileMode	0			
MapTileMode	1	m_Prefab	Game.Prefabs.MapTilePrefab	
MapTileMode	2	m_MapFeatures	Game.Prefabs.MapTilePrefab+FeatureInfo[]	
MapTilePrefab	0			
MapTilePrefab	1	m_PurchaseCostFactor	System.Single	
MapTilePrefab	2	m_MapFeatures	Game.Prefabs.MapTilePrefab+FeatureInfo[]	
MapTilePrefab	3	m_Color	UnityEngine.Color	
MapTilePrefab	4	m_EdgeColor	UnityEngine.Color	
MapTilePrefab	5	m_SelectionColor	UnityEngine.Color	
MapTilePrefab	6	m_SelectionEdgeColor	UnityEngine.Color	
MarkerInfomodePrefab	0			
MarkerInfomodePrefab	1	m_Type	Game.Prefabs.MarkerType	
MarkerInfomodePrefab	2	m_IncludeInGroups	Game.Prefabs.InfomodeGroupPrefab[]	
MarkerInfomodePrefab	3	m_Priority	System.Int32	
MarkerInfomodePrefab	4	editor	System.Boolean	
MarkerMarker	0			
MarkerMarker	1	m_MarkerType	Game.Prefabs.MarkerType	
MarkerNet	0			
MarkerObjectPrefab	0			
MarkerObjectPrefab	1	m_Mesh	Game.Prefabs.RenderPrefab	
MarkerObjectPrefab	2	m_Circular	System.Boolean	
MasterArea	0			
MasterArea	1	m_SlaveAreas	Game.Prefabs.SlaveAreaInfo[]	
MatchPieceVertices	0			
MatchPieceVertices	1	m_Offsets	System.Single[]	
MeshSettings	0			
MeshSettings	1	m_MissingObjectMesh	Game.Prefabs.RenderPrefab	
MeshSettings	2	m_DefaultBaseMesh	Game.Prefabs.RenderPrefab	
MeshSettings	3	m_MissingNetSection	Game.Prefabs.NetSectionPrefab	
MeshSettings	4	m_MissingRenderedArea	Game.Prefabs.AreaPrefab	
MilestonePrefab	0			
MilestonePrefab	1	m_Index	System.Int32	
MilestonePrefab	2	m_Reward	System.Int32	
MilestonePrefab	3	m_DevTreePoints	System.Int32	
MilestonePrefab	4	m_MapTiles	System.Int32	
MilestonePrefab	5	m_LoanLimit	System.Int32	
MilestonePrefab	6	m_XpRequried	System.Int32	
MilestonePrefab	7	m_Major	System.Boolean	
MilestonePrefab	8	m_IsVictory	System.Boolean	
MilestonePrefab	9	m_Image	System.String	
MilestonePrefab	10	m_BackgroundColor	UnityEngine.Color	
MilestonePrefab	11	m_AccentColor	UnityEngine.Color	
MilestonePrefab	12	m_TextColor	UnityEngine.Color	
MilestonesMode	0			
MilestonesMode	1	m_ModeDatas	Game.Prefabs.Modes.MilestonesMode+ModeData[]	
ModeSetting	0			
ModeSetting	1	m_Enable	System.Boolean	Toggle to enable all of the systems below, does not affect the enable state of global and local mode prefabs
ModeSetting	2	m_ResidentialDemandWeightsSelector	Unity.Mathematics.float2	Weights for residential demand factors. use x for negative and y for positive factors, Default is (1,1)
ModeSetting	3	m_CommercialTaxEffectDemandOffset	System.Single	Offset for commercial demand based on tax factor. Tax factor range [-1,1]
ModeSetting	4	m_IndustrialOfficeTaxEffectDemandOffset	System.Single	Offset for industrial and office demand based on tax factor. Tax factor is range [-1,1]
ModeSetting	5	m_ResourceDemandPerCitizenMultiplier	System.Single	Multiplier for resource demand per citizen, Default is 1
ModeSetting	6	m_TaxPaidMultiplier	Unity.Mathematics.float3	Multiply the amount of tax paid by citizens (x), commercial (y), industrial+office (z), Default is (1,1,1). Does not affect player income and city statistics
ModeSetting	7	m_SupportPoorCitizens	System.Boolean	Should give more support to poor citizens?
ModeSetting	8	m_MinimumWealth	System.Int32	If citizen wealth is below this value, they will be give money to reach this value
ModeSetting	9	m_EnableGovernmentSubsidies	System.Boolean	Should enable government subsidies?
ModeSetting	10	m_MoneyCoverThreshold	Unity.Mathematics.int2	Player money level that government subsidies kick in (x) and max cover threshold (y)
ModeSetting	11	m_MaxMoneyCoverPercentage	System.Int32	Maximum percentage of expenses that government subsidies cover. (0 mean no cover, 100 mean full cover, 200 mean double cover the expenses)
ModeSetting	12	m_EnableAdjustNaturalResources	System.Boolean	
ModeSetting	13	m_InitialNaturalResourceBoostMultiplier	System.Single	Initial multiplier for natural resources: 0 mean no resources, 1 mean normal resources
ModeSetting	14	m_PercentOreRefillAmountPerDay	System.Int32	Percentage of ore refill amount per day, 0 mean no refill, 100 mean full refill after 1 day
ModeSetting	15	m_PercentOilRefillAmountPerDay	System.Int32	Percentage of oil refill amount per day, 0 mean no refill, 100 mean full refill after 1 day
ModeSetting	16	m_PercentFertilityRefillAmountPerDay	System.Int32	Percentage of fertility refill amount per day, 0 mean no refill, 100 mean full refill after 1 day
ModeSetting	17	m_ModePrefabs	System.Collections.Generic.List`1[Game.Prefabs.Modes.ModePrefab]	
ModeSetting	18	m_LocalModePrefabs	System.Collections.Generic.List`1[Game.Prefabs.Modes.LocalModePrefab]	
ModeSetting	19	m_GlobalModePrefabs	System.Collections.Generic.List`1[Game.Prefabs.Modes.EntityQueryModePrefab]	
ModeSettingParameters	0			
MoveableBridge	0			
MoveableBridge	1	m_LiftOffsets	Unity.Mathematics.float3	
MoveableBridge	2	m_MovingTime	System.Single	
MoveAwayStatistic	0			
MoveAwayStatistic	1	m_MoveAwayReasons	Game.Agents.MoveAwayReason[]	
MoveAwayStatistic	2	m_Category	Game.Prefabs.UIStatisticsCategoryPrefab	
MoveAwayStatistic	3	m_Group	Game.Prefabs.UIStatisticsGroupPrefab	
MoveAwayStatistic	4	m_StatisticsType	Game.City.StatisticType	
MoveAwayStatistic	5	m_CollectionType	Game.City.StatisticCollectionType	
MoveAwayStatistic	6	m_UnitType	Game.City.StatisticUnitType	
MoveAwayStatistic	7	m_Color	UnityEngine.Color	
MoveAwayStatistic	8	m_Stacked	System.Boolean	
MovePieceVertices	0			
MovePieceVertices	1	m_LowerBottomToTerrain	System.Boolean	
MovePieceVertices	2	m_RaiseTopToTerrain	System.Boolean	
MovePieceVertices	3	m_SmoothTopNormal	System.Boolean	
MultipleUnitTrainCarPrefab	0			
MultipleUnitTrainCarPrefab	1	m_TrackType	Game.Net.TrackTypes	
MultipleUnitTrainCarPrefab	2	m_EnergyType	Game.Vehicles.EnergyTypes	
MultipleUnitTrainCarPrefab	3	m_MaxSpeed	System.Single	
MultipleUnitTrainCarPrefab	4	m_Acceleration	System.Single	
MultipleUnitTrainCarPrefab	5	m_Braking	System.Single	
MultipleUnitTrainCarPrefab	6	m_Turning	Unity.Mathematics.float2	
MultipleUnitTrainCarPrefab	7	m_BogieOffset	Unity.Mathematics.float2	
MultipleUnitTrainCarPrefab	8	m_AttachOffset	Unity.Mathematics.float2	
MultipleUnitTrainCarPrefab	9	m_Meshes	Game.Prefabs.ObjectMeshInfo[]	
MultipleUnitTrainCarPrefab	10	m_Circular	System.Boolean	
MultipleUnitTrainFrontPrefab	0			
MultipleUnitTrainFrontPrefab	1	m_MinMultipleUnitCount	System.Int32	
MultipleUnitTrainFrontPrefab	2	m_MaxMultipleUnitCount	System.Int32	
MultipleUnitTrainFrontPrefab	3	m_Carriages	Game.Prefabs.MultipleUnitTrainCarriageInfo[]	
MultipleUnitTrainFrontPrefab	4	m_AddReversedEndCarriage	System.Boolean	
MultipleUnitTrainFrontPrefab	5	m_TrackType	Game.Net.TrackTypes	
MultipleUnitTrainFrontPrefab	6	m_EnergyType	Game.Vehicles.EnergyTypes	
MultipleUnitTrainFrontPrefab	7	m_MaxSpeed	System.Single	
MultipleUnitTrainFrontPrefab	8	m_Acceleration	System.Single	
MultipleUnitTrainFrontPrefab	9	m_Braking	System.Single	
MultipleUnitTrainFrontPrefab	10	m_Turning	Unity.Mathematics.float2	
MultipleUnitTrainFrontPrefab	11	m_BogieOffset	Unity.Mathematics.float2	
MultipleUnitTrainFrontPrefab	12	m_AttachOffset	Unity.Mathematics.float2	
MultipleUnitTrainFrontPrefab	13	m_Meshes	Game.Prefabs.ObjectMeshInfo[]	
MultipleUnitTrainFrontPrefab	14	m_Circular	System.Boolean	
NavigationArea	0			
NavigationArea	1	m_ConnectionType	Game.Prefabs.RouteConnectionType	
NavigationArea	2	m_SecondaryType	Game.Prefabs.RouteConnectionType	
NavigationArea	3	m_TrackTypes	Game.Net.TrackTypes	
NavigationArea	4	m_RoadTypes	Game.Net.RoadTypes	
NetArrow	0			
NetArrow	1	m_ArrowMaterial	UnityEngine.Material	
NetArrow	2	m_RoadArrowColor	UnityEngine.Color	
NetArrow	3	m_TrackArrowColor	UnityEngine.Color	
NetDividerPiece	0			
NetDividerPiece	1	m_PreserveShape	System.Boolean	
NetDividerPiece	2	m_BlockTraffic	System.Boolean	
NetDividerPiece	3	m_BlockCrosswalk	System.Boolean	
NetFencePrefab	0			
NetFencePrefab	1	m_Sections	Game.Prefabs.NetSectionInfo[]	
NetFencePrefab	2	m_EdgeStates	Game.Prefabs.NetEdgeStateInfo[]	
NetFencePrefab	3	m_NodeStates	Game.Prefabs.NetNodeStateInfo[]	
NetFencePrefab	4	m_MaxSlopeSteepness	System.Single	
NetFencePrefab	5	m_AggregateType	Game.Prefabs.AggregateNetPrefab	
NetFencePrefab	6	m_StyleType	Game.Prefabs.GroupPrefab	
NetFencePrefab	7	m_InvertMode	Game.Prefabs.CompositionInvertMode	
NetGeometryInfomodePrefab	0			
NetGeometryInfomodePrefab	1	m_Type	Game.Prefabs.NetType	
NetGeometryInfomodePrefab	2	m_Color	UnityEngine.Color	
NetGeometryInfomodePrefab	3	m_IncludeInGroups	Game.Prefabs.InfomodeGroupPrefab[]	
NetGeometryInfomodePrefab	4	m_Priority	System.Int32	
NetGeometryInfomodePrefab	5	editor	System.Boolean	
NetLabel	0			
NetLabel	1	m_NameMaterial	UnityEngine.Material	
NetLabel	2	m_NameColor	UnityEngine.Color	
NetLabel	3	m_SelectedNameColor	UnityEngine.Color	
NetLaneGeometryPrefab	0			
NetLaneGeometryPrefab	1	m_Meshes	Game.Prefabs.NetLaneMeshInfo[]	
NetLaneGeometryPrefab	2	m_PathfindPrefab	Game.Prefabs.PathfindPrefab	
NetLanePrefab	0			
NetLanePrefab	1	m_PathfindPrefab	Game.Prefabs.PathfindPrefab	
NetObject	0			
NetObject	1	m_SetCompositionState	Game.Prefabs.NetPieceRequirements[]	
NetObject	2	m_RequireRoad	Game.Net.RoadTypes	
NetObject	3	m_RoadPassThrough	Game.Net.RoadTypes	
NetObject	4	m_TrackPassThrough	Game.Net.TrackTypes	
NetObject	5	m_NodeOffset	System.Single	
NetObject	6	m_Attached	System.Boolean	
NetObject	7	m_RequirePedestrian	System.Boolean	
NetPieceCrosswalk	0			
NetPieceCrosswalk	1	m_Lane	Game.Prefabs.NetLanePrefab	
NetPieceCrosswalk	2	m_Start	Unity.Mathematics.float3	
NetPieceCrosswalk	3	m_End	Unity.Mathematics.float3	
NetPieceLanes	0			
NetPieceLanes	1	m_Lanes	Game.Prefabs.NetLaneInfo[]	
NetPieceObjects	0			
NetPieceObjects	1	m_PieceObjects	Game.Prefabs.NetPieceObjectInfo[]	
NetPiecePrefab	0			
NetPiecePrefab	1	m_Layer	Game.Prefabs.NetPieceLayer	
NetPiecePrefab	2	m_Width	System.Single	
NetPiecePrefab	3	m_Length	System.Single	
NetPiecePrefab	4	m_HeightRange	Colossal.Mathematics.Bounds1	
NetPiecePrefab	5	m_WidthOffset	System.Single	
NetPiecePrefab	6	m_NodeOffset	System.Single	
NetPiecePrefab	7	m_SideConnectionOffset	System.Single	
NetPiecePrefab	8	m_SurfaceHeights	Unity.Mathematics.float4	
NetPieceTiling	0			
NetPieceTiling	1	m_DisableTextureTiling	System.Boolean	
NetPollution	0			
NetPollution	1	m_NoisePollutionFactor	System.Single	
NetPollution	2	m_AirPollutionFactor	System.Single	
NetPrefab	0			
NetSectionPrefab	0			
NetSectionPrefab	1	m_SubSections	Game.Prefabs.NetSubSectionInfo[]	
NetSectionPrefab	2	m_Pieces	Game.Prefabs.NetPieceInfo[]	
NetStatusInfomodePrefab	0			
NetStatusInfomodePrefab	1	m_Type	Game.Prefabs.NetStatusType	
NetStatusInfomodePrefab	2	m_Range	Colossal.Mathematics.Bounds1	
NetStatusInfomodePrefab	3	m_FlowSpeed	System.Single	
NetStatusInfomodePrefab	4	m_FlowTiling	System.Single	
NetStatusInfomodePrefab	5	m_MinFlow	System.Single	
NetStatusInfomodePrefab	6	m_Low	UnityEngine.Color	
NetStatusInfomodePrefab	7	m_Medium	UnityEngine.Color	
NetStatusInfomodePrefab	8	m_High	UnityEngine.Color	
NetStatusInfomodePrefab	9	m_Steps	System.Int32	
NetStatusInfomodePrefab	10	m_LegendType	Game.Prefabs.GradientLegendType	
NetStatusInfomodePrefab	11	m_LowLabelId	System.String	Good, Bad, Low, High, Weak, Strong, Old, Young
NetStatusInfomodePrefab	12	m_MediumLabelId	System.String	
NetStatusInfomodePrefab	13	m_HighLabelId	System.String	Good, Bad, Low, High, Weak, Strong, Old, Young
NetStatusInfomodePrefab	14	m_IncludeInGroups	Game.Prefabs.InfomodeGroupPrefab[]	
NetStatusInfomodePrefab	15	m_Priority	System.Int32	
NetStatusInfomodePrefab	16	editor	System.Boolean	
NetSubObjects	0			
NetSubObjects	1	m_SubObjects	Game.Prefabs.NetSubObjectInfo[]	
NetTerrainPiece	0			
NetTerrainPiece	1	m_WidthOffset	Unity.Mathematics.float2	
NetTerrainPiece	2	m_ClipHeightOffset	Unity.Mathematics.float2	
NetTerrainPiece	3	m_MinHeightOffset	Unity.Mathematics.float3	
NetTerrainPiece	4	m_MaxHeightOffset	Unity.Mathematics.float3	
NetUpgrade	0			
NetUpgrade	1	m_SetState	Game.Prefabs.NetPieceRequirements[]	
NetUpgrade	2	m_UnsetState	Game.Prefabs.NetPieceRequirements[]	
NetUpgrade	3	m_Standalone	System.Boolean	
NetUpgrade	4	m_Underground	System.Boolean	
NewMapSettingsPrefab	0			
NewMapSettingsPrefab	1	m_DefaultClimatePrefab	Game.Prefabs.Climate.ClimatePrefab	
NewMapSettingsPrefab	2	m_DefaultWaterRenderSettingsPrefab	Game.Prefabs.Water.WaterRenderSettingsPrefab	
NewMapSettingsPrefab	3	m_DefaultTerrainRenderSettingsPrefab	Game.Prefabs.Terrain.TerrainRenderSettingsPrefab	
NotificationIconPrefab	0			
NotificationIconPrefab	1	m_Icon	UnityEngine.Texture2D	
NotificationIconPrefab	2	m_Description	System.String	
NotificationIconPrefab	3	m_TargetDescription	System.String	
NotificationIconPrefab	4	m_DisplaySize	Colossal.Mathematics.Bounds1	
NotificationIconPrefab	5	m_PulsateAmplitude	Colossal.Mathematics.Bounds1	
NotificationIconPrefab	6	m_EnabledByDefault	System.Boolean	
ObjectAchievementComponent	0			
ObjectAchievementComponent	1	m_Achievements	Game.Prefabs.ObjectAchievementComponent+ObjectAchievementSetup[]	
ObjectBuiltRequirementPrefab	0			
ObjectBuiltRequirementPrefab	1	m_MinimumCount	System.Int32	
ObjectBuiltRequirementPrefab	2	m_LabelID	System.String	
ObjectPrefab	0			
ObjectStateInfomodePrefab	0			
ObjectStateInfomodePrefab	1	m_Type	Game.Prefabs.ObjectStatusType	
ObjectStateInfomodePrefab	2	m_Color	UnityEngine.Color	
ObjectStateInfomodePrefab	3	m_IncludeInGroups	Game.Prefabs.InfomodeGroupPrefab[]	
ObjectStateInfomodePrefab	4	m_Priority	System.Int32	
ObjectStateInfomodePrefab	5	editor	System.Boolean	
ObjectStatusInfomodePrefab	0			
ObjectStatusInfomodePrefab	1	m_Type	Game.Prefabs.ObjectStatusType	
ObjectStatusInfomodePrefab	2	m_Range	Colossal.Mathematics.Bounds1	
ObjectStatusInfomodePrefab	3	m_Low	UnityEngine.Color	
ObjectStatusInfomodePrefab	4	m_Medium	UnityEngine.Color	
ObjectStatusInfomodePrefab	5	m_High	UnityEngine.Color	
ObjectStatusInfomodePrefab	6	m_Steps	System.Int32	
ObjectStatusInfomodePrefab	7	m_LegendType	Game.Prefabs.GradientLegendType	
ObjectStatusInfomodePrefab	8	m_LowLabelId	System.String	Good, Bad, Low, High, Weak, Strong, Old, Young
ObjectStatusInfomodePrefab	9	m_MediumLabelId	System.String	
ObjectStatusInfomodePrefab	10	m_HighLabelId	System.String	Good, Bad, Low, High, Weak, Strong, Old, Young
ObjectStatusInfomodePrefab	11	m_IncludeInGroups	Game.Prefabs.InfomodeGroupPrefab[]	
ObjectStatusInfomodePrefab	12	m_Priority	System.Int32	
ObjectStatusInfomodePrefab	13	editor	System.Boolean	
ObjectSubAreas	0			
ObjectSubAreas	1	m_SubAreas	Game.Prefabs.ObjectSubAreaInfo[]	
ObjectSubLanes	0			
ObjectSubLanes	1	m_SubLanes	Game.Prefabs.ObjectSubLaneInfo[]	
ObjectSubNets	0			
ObjectSubNets	1	m_InvertWhen	Game.Prefabs.NetInvertMode	
ObjectSubNets	2	m_SubNets	Game.Prefabs.ObjectSubNetInfo[]	
ObjectSubObjects	0			
ObjectSubObjects	1	m_SubObjects	Game.Prefabs.ObjectSubObjectInfo[]	
ObsoleteIdentifiers	0			
ObsoleteIdentifiers	1	m_PrefabIdentifiers	Game.Prefabs.PrefabIdentifierInfo[]	
OutsideConnection	0			
OutsideConnection	1	m_TradedResources	Game.Economy.ResourceInEditor[]	
OutsideConnection	2	m_Commuting	System.Boolean	
OutsideConnection	3	m_TransferType	Game.Prefabs.OutsideConnectionTransferType	
OutsideConnection	4	m_Remoteness	System.Single	
OutsideTradeParameterPrefab	0			
OutsideTradeParameterPrefab	1	m_ElectricityImportPrice	System.Single	Expense for importing 0.1 kW of electricity for 24h
OutsideTradeParameterPrefab	2	m_ElectricityExportPrice	System.Single	Revenue for exporting 0.1 kW of electricity for 24h
OutsideTradeParameterPrefab	3	m_WaterImportPrice	System.Single	Expense for importing 1m^3 of water for 24h
OutsideTradeParameterPrefab	4	m_WaterExportPrice	System.Single	Revenue for exporting 1m^3 of water for 24h
OutsideTradeParameterPrefab	5	m_WaterExportPollutionTolerance	System.Single	Percentage of pollution when the water export revenue becomes zero
OutsideTradeParameterPrefab	6	m_SewageExportPrice	System.Single	Expense for importing 1m^3 of sewage for 24h
OutsideTradeParameterPrefab	7	m_AirWeightMultiplier	System.Single	
OutsideTradeParameterPrefab	8	m_RoadWeightMultiplier	System.Single	
OutsideTradeParameterPrefab	9	m_TrainWeightMultiplier	System.Single	
OutsideTradeParameterPrefab	10	m_ShipWeightMultiplier	System.Single	
OutsideTradeParameterPrefab	11	m_AirDistanceMultiplier	System.Single	
OutsideTradeParameterPrefab	12	m_RoadDistanceMultiplier	System.Single	
OutsideTradeParameterPrefab	13	m_TrainDistanceMultiplier	System.Single	
OutsideTradeParameterPrefab	14	m_ShipDistanceMultiplier	System.Single	
OutsideTradeParameterPrefab	15	m_AmbulanceImportServiceFee	System.Single	Service fees for ambulance import service, multiply by population
OutsideTradeParameterPrefab	16	m_HearseImportServiceFee	System.Single	Service fees for Hearse import service, multiply by population
OutsideTradeParameterPrefab	17	m_FireEngineImportServiceFee	System.Single	Service fees for FireEngine import service, multiply by population
OutsideTradeParameterPrefab	18	m_GarbageImportServiceFee	System.Single	Service fees for Garbage import service, multiply by population
OutsideTradeParameterPrefab	19	m_PoliceImportServiceFee	System.Single	Service fees for Police import service, multiply by population
OutsideTradeParameterPrefab	20	m_OCServiceTradePopulationRange	System.Int32	Service fees from outside will change based on this population range,0 - 1000 => service fee * 1000, 1000 - 2000 => service fee * 2000
OutsideTradeParametersMode	0			
OutsideTradeParametersMode	1	m_ElectricityImportPrice	System.Single	
OutsideTradeParametersMode	2	m_ElectricityExportPrice	System.Single	
OutsideTradeParametersMode	3	m_WaterImportPrice	System.Single	
OutsideTradeParametersMode	4	m_WaterExportPrice	System.Single	
OutsideTradeParametersMode	5	m_WaterExportPollutionTolerance	System.Single	
OutsideTradeParametersMode	6	m_SewageExportPrice	System.Single	
OutsideTradeParametersMode	7	m_AirWeightMultiplierOverridden	System.Single	
OutsideTradeParametersMode	8	m_RoadWeightMultiplierOverridden	System.Single	
OutsideTradeParametersMode	9	m_TrainWeightMultiplierOverridden	System.Single	
OutsideTradeParametersMode	10	m_ShipWeightMultiplierOverridden	System.Single	
OutsideTradeParametersMode	11	m_AirDistanceMultiplierOverridden	System.Single	
OutsideTradeParametersMode	12	m_RoadDistanceMultiplierOverridden	System.Single	
OutsideTradeParametersMode	13	m_TrainDistanceMultiplierOverridden	System.Single	
OutsideTradeParametersMode	14	m_ShipDistanceMultiplierOverridden	System.Single	
OutsideTradeParametersMode	15	m_AmbulanceImportServiceFee	System.Single	
OutsideTradeParametersMode	16	m_HearseImportServiceFee	System.Single	
OutsideTradeParametersMode	17	m_FireEngineImportServiceFee	System.Single	
OutsideTradeParametersMode	18	m_GarbageImportServiceFee	System.Single	
OutsideTradeParametersMode	19	m_PoliceImportServiceFee	System.Single	
OutsideTradeParametersMode	20	m_OCServiceTradePopulationRange	System.Int32	
OverheadNetSections	0			
OverheadNetSections	1	m_Sections	Game.Prefabs.NetSectionInfo[]	
OverlayConfigurationPrefab	0			
OverlayConfigurationPrefab	1	m_CurveMaterial	UnityEngine.Material	
OverlayConfigurationPrefab	2	m_SolidObjectMaterial	UnityEngine.Material	
OverlayConfigurationPrefab	3	m_TextMaterial	UnityEngine.Material	
OverlayConfigurationPrefab	4	m_ObjectBrushMaterial	UnityEngine.Material	
OverlayConfigurationPrefab	5	m_FontInfos	Game.Prefabs.FontInfo[]	
OverlayProperties	0			
OverlayProperties	1	m_IsWaterway	System.Boolean	
OverlayProperties	2	m_TextureArea	Colossal.Mathematics.Bounds2	
Park	0			
Park	1	m_MaintenancePool	System.Int16	
Park	2	m_AllowHomeless	System.Boolean	
ParkingFacility	0			
ParkingFacility	1	m_RoadTypes	Game.Net.RoadTypes	
ParkingFacility	2	m_ComfortFactor	System.Single	
ParkingFacility	3	m_GarageMarkerCapacity	System.Int32	
ParkingLane	0			
ParkingLane	1	m_RoadType	Game.Net.RoadTypes	
ParkingLane	2	m_SlotSize	Unity.Mathematics.float2	
ParkingLane	3	m_SlotAngle	System.Single	
ParkingLane	4	m_SpecialVehicles	System.Boolean	
ParkingSpace	0			
ParkingSpace	1	m_RoadType	Game.Net.RoadTypes	
ParkingSpace	2	m_ComfortFactor	System.Single	
ParkPrefab	0			
ParkPrefab	1	m_ParkServicePrefab	Game.Prefabs.PrefabBase	
PassengerStatistic	0			
PassengerStatistic	1	m_PassengerTypes	Game.Prefabs.PassengerTypeInfo[]	
PassengerStatistic	2	m_Category	Game.Prefabs.UIStatisticsCategoryPrefab	
PassengerStatistic	3	m_Group	Game.Prefabs.UIStatisticsGroupPrefab	
PassengerStatistic	4	m_StatisticsType	Game.City.StatisticType	
PassengerStatistic	5	m_CollectionType	Game.City.StatisticCollectionType	
PassengerStatistic	6	m_UnitType	Game.City.StatisticUnitType	
PassengerStatistic	7	m_Color	UnityEngine.Color	
PassengerStatistic	8	m_Stacked	System.Boolean	
PathfindPrefab	0			
PathfindPrefab	1	m_TrackTrafficFlow	System.Boolean	
PathwayPrefab	0			
PathwayPrefab	1	m_SpeedLimit	System.Single	
PathwayPrefab	2	m_Sections	Game.Prefabs.NetSectionInfo[]	
PathwayPrefab	3	m_EdgeStates	Game.Prefabs.NetEdgeStateInfo[]	
PathwayPrefab	4	m_NodeStates	Game.Prefabs.NetNodeStateInfo[]	
PathwayPrefab	5	m_MaxSlopeSteepness	System.Single	
PathwayPrefab	6	m_AggregateType	Game.Prefabs.AggregateNetPrefab	
PathwayPrefab	7	m_StyleType	Game.Prefabs.GroupPrefab	
PathwayPrefab	8	m_InvertMode	Game.Prefabs.CompositionInvertMode	
PdxLoginRequirement	0			
PdxLoginRequirement	1	m_Notes	System.String	
PedestrianLane	0			
PedestrianLane	1	m_NotWalkLane	Game.Prefabs.NetLanePrefab	
PedestrianLane	2	m_Width	System.Single	
PedestrianLane	3	m_OnWater	System.Boolean	
PedestrianLane	4	m_Activities	Game.Prefabs.ActivityType[]	
PedestrianPathfind	0			
PedestrianPathfind	1	m_WalkingCost	Game.Prefabs.PathfindCostInfo	
PedestrianPathfind	2	m_CrosswalkCost	Game.Prefabs.PathfindCostInfo	
PedestrianPathfind	3	m_UnsafeCrosswalkCost	Game.Prefabs.PathfindCostInfo	
PedestrianPathfind	4	m_SpawnCost	Game.Prefabs.PathfindCostInfo	
PersonalCar	0			
PersonalCar	1	m_PassengerCapacity	System.Int32	
PersonalCar	2	m_BaggageCapacity	System.Int32	
PersonalCar	3	m_CostToDrive	System.Int32	
PersonalCar	4	m_Probability	System.Int32	
Pet	0			
Pet	1	m_Type	Game.Prefabs.PetType	
PillarObject	0			
PillarObject	1	m_Type	Game.Prefabs.PillarType	
PillarObject	2	m_AnchorOffset	System.Single	
PillarObject	3	m_VerticalPillarOffsetRange	Colossal.Mathematics.Bounds1	
PipelinePrefab	0			
PipelinePrefab	1	m_Sections	Game.Prefabs.NetSectionInfo[]	
PipelinePrefab	2	m_EdgeStates	Game.Prefabs.NetEdgeStateInfo[]	
PipelinePrefab	3	m_NodeStates	Game.Prefabs.NetNodeStateInfo[]	
PipelinePrefab	4	m_MaxSlopeSteepness	System.Single	
PipelinePrefab	5	m_AggregateType	Game.Prefabs.AggregateNetPrefab	
PipelinePrefab	6	m_StyleType	Game.Prefabs.GroupPrefab	
PipelinePrefab	7	m_InvertMode	Game.Prefabs.CompositionInvertMode	
PlaceableNaturalObjectGlobalMode	0			
PlaceableNaturalObjectGlobalMode	1	m_ConstructionCostMultiplier	System.Single	
PlaceableNaturalObjectGlobalMode	2	m_XPRewardMultiplier	System.Single	
PlaceableNet	0			
PlaceableNet	1	m_ElevationRange	Colossal.Mathematics.Bounds1	
PlaceableNet	2	m_AllowParallelMode	System.Boolean	
PlaceableNet	3	m_UndergroundPrefab	Game.Prefabs.NetPrefab	
PlaceableNet	4	m_XPReward	System.Int32	
PlaceableNetPiece	0			
PlaceableNetPiece	1	m_ConstructionCost	System.UInt32	
PlaceableNetPiece	2	m_ElevationCost	System.UInt32	
PlaceableNetPiece	3	m_UpkeepCost	System.Single	
PlaceableObject	0			
PlaceableObject	1	m_ConstructionCost	System.UInt32	
PlaceableObject	2	m_XPReward	System.Int32	
PlaceholderArea	0			
PlaceholderBuilding	0			
PlaceholderBuilding	1	m_BuildingType	Game.Prefabs.BuildingType	
PlaceholderBuilding	2	m_ZoneType	Game.Prefabs.ZonePrefab	
PlaceholderLane	0			
PlaceholderObject	0			
PlaceholderObject	1	m_RandomizeGroupIndex	System.Boolean	
PlantObject	0			
PlantObject	1	m_PotCoverage	System.Single	
PlantObject	2	m_TreeReplacement	System.Boolean	
PoliceCar	0			
PoliceCar	1	m_CriminalCapacity	System.Int32	
PoliceCar	2	m_CrimeReductionRate	System.Single	
PoliceCar	3	m_ShiftDuration	System.Single	
PoliceCar	4	m_Purposes	Game.Prefabs.PolicePurpose	
PoliceConfigurationMode	0			
PoliceConfigurationMode	1	m_MaxCrimeAccumulationMultiplier	System.Single	
PoliceConfigurationMode	2	m_CrimeAccumulationToleranceMultiplier	System.Single	
PoliceConfigurationMode	3	m_HomeCrimeEffectMultiplier	System.Int32	
PoliceConfigurationMode	4	m_WorkplaceCrimeEffectMultiplier	System.Int32	
PoliceConfigurationMode	5	m_WelfareCrimeRecurrenceFactor	System.Single	
PoliceConfigurationMode	6	m_CrimePoliceCoverageFactorMultiflier	System.Single	
PoliceConfigurationMode	7	m_CrimePopulationReductionMultiplier	System.Single	
PoliceConfigurationPrefab	0			
PoliceConfigurationPrefab	1	m_PoliceServicePrefab	Game.Prefabs.PrefabBase	
PoliceConfigurationPrefab	2	m_TrafficAccidentNotificationPrefab	Game.Prefabs.NotificationIconPrefab	
PoliceConfigurationPrefab	3	m_CrimeSceneNotificationPrefab	Game.Prefabs.NotificationIconPrefab	
PoliceConfigurationPrefab	4	m_MaxCrimeAccumulation	System.Single	
PoliceConfigurationPrefab	5	m_CrimeAccumulationTolerance	System.Single	
PoliceConfigurationPrefab	6	m_HomeCrimeEffect	System.Int32	
PoliceConfigurationPrefab	7	m_WorkplaceCrimeEffect	System.Int32	
PoliceConfigurationPrefab	8	m_WelfareCrimeRecurrenceFactor	System.Single	
PoliceConfigurationPrefab	9	m_CrimePoliceCoverageFactor	System.Single	Crime increase factor of police coverage, multiply with the result of formula[ crimeIncrease * (10-coverage) / 10 ], the bigger the crime increase more(less police affect), the smaller the crime increase less(more police affect)
PoliceConfigurationPrefab	10	m_CrimePopulationReduction	System.Single	Reduce the crime possibility according to the population, the possibility random will be calculated by population / CrimePopulationReduction * 100, and not less than 100
PoliceStation	0			
PoliceStation	1	m_PatrolCarCapacity	System.Int32	
PoliceStation	2	m_PoliceHelicopterCapacity	System.Int32	
PoliceStation	3	m_JailCapacity	System.Int32	
PoliceStation	4	m_Purposes	Game.Prefabs.PolicePurpose	
PolicySliderPrefab	0			
PolicySliderPrefab	1	m_SliderRange	Colossal.Mathematics.Bounds1	
PolicySliderPrefab	2	m_SliderDefault	System.Single	
PolicySliderPrefab	3	m_SliderStep	System.Single	
PolicySliderPrefab	4	m_Unit	Game.Prefabs.PolicySliderUnit	
PolicySliderPrefab	5	m_Visibility	Game.Prefabs.PolicyVisibility	
PolicySliderPrefab	6	m_Category	Game.Prefabs.PolicyCategory	
PolicyTogglePrefab	0			
PolicyTogglePrefab	1	m_Visibility	Game.Prefabs.PolicyVisibility	
PolicyTogglePrefab	2	m_Category	Game.Prefabs.PolicyCategory	
Pollution	0			
Pollution	1	m_GroundPollution	System.Int32	
Pollution	2	m_AirPollution	System.Int32	
Pollution	3	m_NoisePollution	System.Int32	
Pollution	4	m_ScaleWithRenters	System.Boolean	Disable this if you don't want the pollution to be multiplied with renters(household members/employees)
PollutionGlobalMode	0			
PollutionGlobalMode	1	m_GroundPollutionMultiplier	System.Single	
PollutionGlobalMode	2	m_AirPollutionMultiplier	System.Single	
PollutionGlobalMode	3	m_NoisePollutionMultiplier	System.Single	
PollutionModifier	0			
PollutionModifier	1	m_GroundPollutionMultiplier	System.Single	Factor to increase (+) or decrease (-) ground pollution
PollutionModifier	2	m_AirPollutionMultiplier	System.Single	Factor to increase (+) or decrease (-) air pollution
PollutionModifier	3	m_NoisePollutionMultiplier	System.Single	Factor to increase (+) or decrease (-) noise pollution
PollutionPrefab	0			
PollutionPrefab	1	m_GroundMultiplier	System.Single	
PollutionPrefab	2	m_AirMultiplier	System.Single	
PollutionPrefab	3	m_NoiseMultiplier	System.Single	
PollutionPrefab	4	m_NetAirMultiplier	System.Single	
PollutionPrefab	5	m_NetNoiseMultiplier	System.Single	
PollutionPrefab	6	m_GroundRadius	System.Single	
PollutionPrefab	7	m_AirRadius	System.Single	
PollutionPrefab	8	m_NoiseRadius	System.Single	
PollutionPrefab	9	m_NetNoiseRadius	System.Single	
PollutionPrefab	10	m_WindAdvectionSpeed	System.Single	
PollutionPrefab	11	m_AirFade	System.Int16	
PollutionPrefab	12	m_GroundFade	System.Int16	
PollutionPrefab	13	m_PlantAirMultiplier	System.Single	
PollutionPrefab	14	m_PlantGroundMultiplier	System.Single	
PollutionPrefab	15	m_PlantFade	System.Single	
PollutionPrefab	16	m_FertilityGroundMultiplier	System.Single	
PollutionPrefab	17	m_DistanceExponent	System.Single	
PollutionPrefab	18	m_AirPollutionNotification	Game.Prefabs.NotificationIconPrefab	
PollutionPrefab	19	m_NoisePollutionNotification	Game.Prefabs.NotificationIconPrefab	
PollutionPrefab	20	m_GroundPollutionNotification	Game.Prefabs.NotificationIconPrefab	
PollutionPrefab	21	m_AirPollutionNotificationLimit	System.Int32	If happiness effect from air pollution is less than this, show notification
PollutionPrefab	22	m_NoisePollutionNotificationLimit	System.Int32	If happiness effect from noise pollution is less than this, show notification
PollutionPrefab	23	m_GroundPollutionNotificationLimit	System.Int32	If happiness effect from ground pollution is less than this, show notification
PollutionPrefab	24	m_AbandonedNoisePollutionMultiplier	System.Single	
PollutionPrefab	25	m_HomelessNoisePollution	System.Int32	
PollutionPrefab	26	m_GroundPollutionLandValueDivisor	System.Int32	The divisor is that pollution value divide this will be the negative affect to land value
PollutionPrefabMode	0			
PollutionPrefabMode	1	m_GroundMultiplier	System.Single	
PollutionPrefabMode	2	m_AirMultiplier	System.Single	
PollutionPrefabMode	3	m_NoiseMultiplier	System.Single	
PollutionPrefabMode	4	m_NetAirMultiplier	System.Single	
PollutionPrefabMode	5	m_NetNoiseMultiplier	System.Single	
PollutionPrefabMode	6	m_GroundRadius	System.Single	
PollutionPrefabMode	7	m_AirRadius	System.Single	
PollutionPrefabMode	8	m_NoiseRadius	System.Single	
PollutionPrefabMode	9	m_NetNoiseRadius	System.Single	
PollutionPrefabMode	10	m_WindAdvectionSpeed	System.Single	
PollutionPrefabMode	11	m_AirFade	System.Int16	
PollutionPrefabMode	12	m_GroundFade	System.Int16	
PollutionPrefabMode	13	m_PlantAirMultiplier	System.Single	
PollutionPrefabMode	14	m_PlantGroundMultiplier	System.Single	
PollutionPrefabMode	15	m_PlantFade	System.Single	
PollutionPrefabMode	16	m_FertilityGroundMultiplier	System.Single	
PollutionPrefabMode	17	m_DistanceExponent	System.Single	
PollutionPrefabMode	18	m_AirPollutionNotificationLimit	System.Int32	
PollutionPrefabMode	19	m_NoisePollutionNotificationLimit	System.Int32	
PollutionPrefabMode	20	m_GroundPollutionNotificationLimit	System.Int32	
PollutionPrefabMode	21	m_AbandonedNoisePollutionMultiplier	System.Single	
PollutionPrefabMode	22	m_HomelessNoisePollution	System.Int32	
PollutionPrefabMode	23	m_GroundPollutionLandValueDivisor	System.Int32	
PopulationVictoryConfigurationPrefab	0			
PopulationVictoryConfigurationPrefab	1	m_populationGoalPerPlatform	System.Collections.Generic.List`1[Game.Prefabs.PopulationVictoryConfigurationPrefab+GoalPerPlatform]	Population to reach to show game end popup (for consoles)
PostFacility	0			
PostFacility	1	m_PostVanCapacity	System.Int32	
PostFacility	2	m_PostTruckCapacity	System.Int32	
PostFacility	3	m_MailStorageCapacity	System.Int32	
PostFacility	4	m_MailBoxCapacity	System.Int32	
PostFacility	5	m_SortingRate	System.Int32	
PostServiceConfigurationPrefab	0			
PostServiceConfigurationPrefab	1	m_PostServicePrefab	Game.Prefabs.ServicePrefab	
PostServiceConfigurationPrefab	2	m_MaxMailAccumulation	System.Int32	
PostServiceConfigurationPrefab	3	m_MailAccumulationTolerance	System.Int32	
PostServiceConfigurationPrefab	4	m_OutgoingMailPercentage	System.Int32	
PostVan	0			
PostVan	1	m_MailCapacity	System.Int32	
PowerLinePrefab	0			
PowerLinePrefab	1	m_MaxPylonDistance	System.Single	
PowerLinePrefab	2	m_Hanging	System.Single	
PowerLinePrefab	3	m_Sections	Game.Prefabs.NetSectionInfo[]	
PowerLinePrefab	4	m_EdgeStates	Game.Prefabs.NetEdgeStateInfo[]	
PowerLinePrefab	5	m_NodeStates	Game.Prefabs.NetNodeStateInfo[]	
PowerLinePrefab	6	m_MaxSlopeSteepness	System.Single	
PowerLinePrefab	7	m_AggregateType	Game.Prefabs.AggregateNetPrefab	
PowerLinePrefab	8	m_StyleType	Game.Prefabs.GroupPrefab	
PowerLinePrefab	9	m_InvertMode	Game.Prefabs.CompositionInvertMode	
PowerPlant	0			
PowerPlant	1	m_ElectricityProduction	System.Int32	
PrefabUnlockedRequirementPrefab	0			
PrefabUnlockedRequirementPrefab	1	m_RequiredPrefabs	Game.Prefabs.PrefabBase[]	
PrefabUnlockedRequirementPrefab	2	m_LabelID	System.String	
Prison	0			
Prison	1	m_PrisonVanCapacity	System.Int32	
Prison	2	m_PrisonerCapacity	System.Int32	
Prison	3	m_PrisonerWellbeing	System.SByte	
Prison	4	m_PrisonerHealth	System.SByte	
ProceduralAnimationProperties	0			
ProceduralAnimationProperties	1	m_Bones	Game.Prefabs.ProceduralAnimationProperties+BoneInfo[]	
ProceduralAnimationProperties	2	m_Animations	Game.Prefabs.ProceduralAnimationProperties+AnimationInfo[]	
ProcessingCompany	0			
ProcessingCompany	1	process	Game.Prefabs.IndustrialProcess	
ProcessingCompany	2	transports	System.Int32	
ProcessingRequirementPrefab	0			
ProcessingRequirementPrefab	1	m_ResourceType	Game.Economy.ResourceInEditor	
ProcessingRequirementPrefab	2	m_MinimumProducedAmount	System.Int32	
ProcessingRequirementPrefab	3	m_LabelID	System.String	
PublicTransport	0			
PublicTransport	1	m_TransportType	Game.Prefabs.TransportType	
PublicTransport	2	m_PassengerCapacity	System.Int32	
PublicTransport	3	m_Purposes	Game.Prefabs.PublicTransportPurpose	
PublicTransport	4	m_MaintenanceRange	System.Single	
QualitySettingsScalingPrefab	0			
QualitySettingsScalingPrefab	1	m_EvaluateOnPlatforms	Colossal.Platform	
QualitySettingsScalingPrefab	2	m_Conditions	Game.Prefabs.QualityScalingCondition[]	
QualitySettingsScalingPrefab	3	m_PCFallbackProfile	Game.Prefabs.QualitySettingsProfilePrefab	
QualitySettingsScalingPrefab	4	m_PS5FallbackProfile	Game.Prefabs.QualitySettingsProfilePrefab	
QualitySettingsScalingPrefab	5	m_XboxSeriesSFallbackProfile	Game.Prefabs.QualitySettingsProfilePrefab	
QualitySettingsScalingPrefab	6	m_XboxSeriesXFallbackProfile	Game.Prefabs.QualitySettingsProfilePrefab	
QuantityObject	0			
QuantityObject	1	m_Resources	Game.Economy.ResourceInEditor[]	
QuantityObject	2	m_MapFeature	Game.Areas.MapFeature	
RadioEvent	0			
RadioEvent	1	m_SegmentType	Game.Audio.Radio.Radio+SegmentType	
RadioEvent	2	m_EmergencyFrameDelay	System.Int32	Only for emergency events
RandomGenderedLocalization	0			
RandomGenderedLocalization	1	m_MaleID	System.String	
RandomGenderedLocalization	2	m_FemaleID	System.String	
RandomGenderedLocalization	3	m_LocalizationID	System.String	
RandomLikeCount	0			
RandomLikeCount	1	m_EducatedPercentage	System.Single	Percentage of the educated people will give a like
RandomLikeCount	2	m_UneducatedPercentage	System.Single	Percentage of the uneducated people will give a like
RandomLikeCount	3	m_ActiveDays	Unity.Mathematics.float2	The like count of the chirp will actively increase during these days
RandomLikeCount	4	m_GoViralFactor	Unity.Mathematics.int2	Go viral means the like count will increase significantly at the beginning in short time
RandomLikeCount	5	m_RandomAmountFactor	Unity.Mathematics.float2	Use random amount factor to make the like amount result more randomly)
RandomLikeCount	6	m_ContinuousFactor	System.Single	Use continuous factor to make the like count change continuous of not continuous, value belong to random[0,1))
RandomLocalization	0			
RandomLocalization	1	m_LocalizationID	System.String	
RandomTransform	0			
RandomTransform	1	m_MinAngle	Unity.Mathematics.float3	
RandomTransform	2	m_MaxAngle	Unity.Mathematics.float3	
RandomTransform	3	m_MinPosition	Unity.Mathematics.float3	
RandomTransform	4	m_MaxPosition	Unity.Mathematics.float3	
RenderedArea	0			
RenderedArea	1	m_Version	Game.Prefabs.RenderedArea+Version	
RenderedArea	2	m_Material	UnityEngine.Material	
RenderedArea	3	m_Roundness	System.Single	
RenderedArea	4	m_LodBias	System.Single	
RenderedArea	5	m_RendererPriority	System.Int32	
RenderedArea	6	m_DecalLayerMask	Game.Rendering.DecalLayers	
RenderedArea	7	m_BaseColor	UnityEngine.Color	
RenderedArea	8	m_BaseColorMap	Colossal.IO.AssetDatabase.AssetReference`1[Colossal.IO.AssetDatabase.TextureAsset]	
RenderedArea	9	m_NormalMap	Colossal.IO.AssetDatabase.AssetReference`1[Colossal.IO.AssetDatabase.TextureAsset]	
RenderedArea	10	m_MaskMap	Colossal.IO.AssetDatabase.AssetReference`1[Colossal.IO.AssetDatabase.TextureAsset]	
RenderedArea	11	m_Metallic	System.Single	
RenderedArea	12	m_Smoothness	System.Single	
RenderedArea	13	m_NormalOpacity	System.Single	
RenderedArea	14	m_MetallicOpacity	System.Single	
RenderedArea	15	m_NormalAlphaSource	System.Single	
RenderedArea	16	m_MetallicAlphaSource	System.Single	
RenderedArea	17	m_UVScale	System.Single	
RenderedArea	18	m_EdgeNormal	System.Single	
RenderedArea	19	m_EdgeFadeRange	Unity.Mathematics.float2	
RenderedArea	20	m_EdgeNormalRange	Unity.Mathematics.float2	
RenderedArea	21	m_EdgeNoise	Unity.Mathematics.float2	
RenderingSettingsPrefab	0			
RenderingSettingsPrefab	1	m_HoveredColor	UnityEngine.Color	
RenderingSettingsPrefab	2	m_OverrideColor	UnityEngine.Color	
RenderingSettingsPrefab	3	m_WarningColor	UnityEngine.Color	
RenderingSettingsPrefab	4	m_ErrorColor	UnityEngine.Color	
RenderingSettingsPrefab	5	m_OwnerColor	UnityEngine.Color	
RenderPrefab	0			
RenderPrefab	1	m_GeometryAsset	Colossal.IO.AssetDatabase.AssetReference`1[Colossal.IO.AssetDatabase.GeometryAsset]	The Geometry Asset from the Asset Database
RenderPrefab	2	m_SurfaceAssets	Colossal.IO.AssetDatabase.AssetReference`1[Colossal.IO.AssetDatabase.SurfaceAsset][]	The Surface Assets from the Asset Database
RenderPrefab	3	m_Bounds	Colossal.Mathematics.Bounds3	Render bounds (Automatically calculated on Import)
RenderPrefab	4	m_SurfaceArea	System.Single	Surface area (Automatically calculated on Import)
RenderPrefab	5	m_IndexCount	System.Int32	Total amount of indices (Automatically calculated on Import)
RenderPrefab	6	m_VertexCount	System.Int32	Total amount of vertices (Automatically calculated on Import)
RenderPrefab	7	m_MeshCount	System.Int32	Sub mesh count (Automatically calculated on Import)
RenderPrefab	8	m_IsImpostor	System.Boolean	
RenderPrefab	9	m_ManualVTRequired	System.Boolean	
RenderPrefab	10	m_MaterialsContainer	UnityEngine.Material[]	
RenterObject	0			
RenterObject	1	m_RequireEmpty	System.Boolean	
RenterObject	2	m_RequireRenter	System.Boolean	
RenterObject	3	m_RequireGoodWealth	System.Boolean	
RenterObject	4	m_RequireDogs	System.Boolean	
RenterObject	5	m_RequireHomeless	System.Boolean	
RenterObject	6	m_RequireChildren	System.Boolean	
RenterObject	7	m_RequireTeens	System.Boolean	
ResearchFacility	0			
Resident	0			
Resident	1	m_Age	Game.Prefabs.AgeMask	
ResidentColorFilter	0			
ResidentColorFilter	1	m_ColorFilters	Game.Prefabs.ResidentColorFilter+ColorFilter[]	
ResourceConnection	0			
ResourceConnection	1	m_Resource	Game.Economy.ResourceInEditor	
ResourceConnection	2	m_ConnectionWarningNotification	Game.Prefabs.NotificationIconPrefab	
ResourceConsumer	0			
ResourceConsumer	1	m_NoResourceNotificationPrefab	Game.Prefabs.NotificationIconPrefab	
ResourcePrefab	0			
ResourcePrefab	1	m_Color	UnityEngine.Color	
ResourcePrefab	2	m_Resource	Game.Economy.ResourceInEditor	
ResourcePrefab	3	m_IsProduceable	System.Boolean	
ResourcePrefab	4	m_IsTradable	System.Boolean	
ResourcePrefab	5	m_IsMaterial	System.Boolean	This means it's raw material which need to be extracted
ResourcePrefab	6	m_IsLeisure	System.Boolean	
ResourcePrefab	7	m_Weight	System.Single	The physical weight of the resource unit.
ResourcePrefab	8	m_InitialPrice	Unity.Mathematics.float2	Initial price for a Resource. X = initial price for selling the resource. Y = initial amount of profit a Commercial company will make from selling this resource.
ResourcePrefab	9	m_WealthModifier	System.Single	How much the wealth of a household affects the probability of shopping for this Resource
ResourcePrefab	10	m_BaseConsumption	System.Single	Base chance of shopping for this Resource. The higher the value the higher base probably a household has for shopping this Resource
ResourcePrefab	11	m_CarConsumption	System.Int32	Amount of Weight added to buying this Resource if a household has a vehicle, multiplied by the amount of vehicles in the household
ResourcePrefab	12	m_ChildWeight	System.Int32	A relative importance of a Child wanting to acquire this Resource
ResourcePrefab	13	m_TeenWeight	System.Int32	A relative importance of a Teen wanting to acquire this Resource
ResourcePrefab	14	m_AdultWeight	System.Int32	A relative importance of a Adult wanting to acquire this Resource
ResourcePrefab	15	m_ElderlyWeight	System.Int32	A relative importance of a Senior wanting to acquire this Resource
ResourcePrefab	16	m_RequireTemperature	System.Boolean	Checkbox to determine does producing this Resource require a temperature equal or higher set in the next field
ResourcePrefab	17	m_RequiredTemperature	System.Single	Minimum required temperature for producing this Resource
ResourcePrefab	18	m_RequireNaturalResource	System.Boolean	Determines whether or not producing this resource requires a set Natural Resource; Fertile Land, Forest, Ore, Oil
ResourcePrefab	19	m_NeededWorkPerUnit	Unity.Mathematics.int2	How many work is needed to produce one unit, x - industrial like beverage processing work needed, y - commercial like beverage service work needed
ResourceProducer	0			
ResourceProducer	1	m_Resources	Game.Prefabs.ResourceProductionInfo[]	
ResourceStatistic	0			
ResourceStatistic	1	m_Resources	Game.Prefabs.ResourcePrefab[]	
ResourceStatistic	2	m_Category	Game.Prefabs.UIStatisticsCategoryPrefab	
ResourceStatistic	3	m_Group	Game.Prefabs.UIStatisticsGroupPrefab	
ResourceStatistic	4	m_StatisticsType	Game.City.StatisticType	
ResourceStatistic	5	m_CollectionType	Game.City.StatisticCollectionType	
ResourceStatistic	6	m_UnitType	Game.City.StatisticUnitType	
ResourceStatistic	7	m_Color	UnityEngine.Color	
ResourceStatistic	8	m_Stacked	System.Boolean	
RoadPrefab	0			
RoadPrefab	1	m_RoadType	Game.Prefabs.RoadType	
RoadPrefab	2	m_SpeedLimit	System.Single	
RoadPrefab	3	m_ZoneBlock	Game.Prefabs.ZoneBlockPrefab	
RoadPrefab	4	m_TrafficLights	System.Boolean	
RoadPrefab	5	m_HighwayRules	System.Boolean	
RoadPrefab	6	m_Sections	Game.Prefabs.NetSectionInfo[]	
RoadPrefab	7	m_EdgeStates	Game.Prefabs.NetEdgeStateInfo[]	
RoadPrefab	8	m_NodeStates	Game.Prefabs.NetNodeStateInfo[]	
RoadPrefab	9	m_MaxSlopeSteepness	System.Single	
RoadPrefab	10	m_AggregateType	Game.Prefabs.AggregateNetPrefab	
RoadPrefab	11	m_StyleType	Game.Prefabs.GroupPrefab	
RoadPrefab	12	m_InvertMode	Game.Prefabs.CompositionInvertMode	
RocketPrefab	0			
RocketPrefab	1	m_FlyingMaxSpeed	System.Single	
RocketPrefab	2	m_FlyingAcceleration	System.Single	
RocketPrefab	3	m_FlyingAngularAcceleration	System.Single	
RocketPrefab	4	m_AccelerationSwayFactor	System.Single	
RocketPrefab	5	m_VelocitySwayFactor	System.Single	
RocketPrefab	6	m_SizeClass	Game.Vehicles.SizeClass	
RocketPrefab	7	m_GroundMaxSpeed	System.Single	
RocketPrefab	8	m_GroundAcceleration	System.Single	
RocketPrefab	9	m_GroundBraking	System.Single	
RocketPrefab	10	m_GroundTurning	Unity.Mathematics.float2	
RocketPrefab	11	m_Meshes	Game.Prefabs.ObjectMeshInfo[]	
RocketPrefab	12	m_Circular	System.Boolean	
RouteConfigurationPrefab	0			
RouteConfigurationPrefab	1	m_PathfindNotification	Game.Prefabs.NotificationIconPrefab	
RouteConfigurationPrefab	2	m_GateBypassNotification	Game.Prefabs.NotificationIconPrefab	
RouteConfigurationPrefab	3	m_CarPathVisualization	Game.Prefabs.RoutePrefab	
RouteConfigurationPrefab	4	m_WatercraftPathVisualization	Game.Prefabs.RoutePrefab	
RouteConfigurationPrefab	5	m_AircraftPathVisualization	Game.Prefabs.RoutePrefab	
RouteConfigurationPrefab	6	m_TrainPathVisualization	Game.Prefabs.RoutePrefab	
RouteConfigurationPrefab	7	m_HumanPathVisualization	Game.Prefabs.RoutePrefab	
RouteConfigurationPrefab	8	m_BicyclePathVisualization	Game.Prefabs.RoutePrefab	
RouteConfigurationPrefab	9	m_MissingRoutePrefab	Game.Prefabs.RoutePrefab	
RouteConfigurationPrefab	10	m_GateBypassEfficiency	System.Single	
RouteInfomodePrefab	0			
RouteInfomodePrefab	1	m_Type	Game.Routes.RouteType	
RouteInfomodePrefab	2	m_IncludeInGroups	Game.Prefabs.InfomodeGroupPrefab[]	
RouteInfomodePrefab	3	m_Priority	System.Int32	
RouteInfomodePrefab	4	editor	System.Boolean	
RouteModifiers	0			
RouteModifiers	1	m_Modifiers	Game.Prefabs.RouteModifierInfo[]	
RouteOptions	0			
RouteOptions	1	m_Options	Game.Routes.RouteOption[]	
RoutePrefab	0			
RoutePrefab	1	m_Material	UnityEngine.Material	
RoutePrefab	2	m_Width	System.Single	
RoutePrefab	3	m_SegmentLength	System.Single	
RoutePrefab	4	m_Color	UnityEngine.Color	
RoutePrefab	5	m_LocaleID	System.String	
School	0			
School	1	m_StudentCapacity	System.Int32	
School	2	m_Level	Game.Prefabs.SchoolLevel	
School	3	m_GraduationModifier	System.Single	
School	4	m_StudentWellbeing	System.SByte	
School	5	m_StudentHealth	System.SByte	
SeasonColorFilter	0			
SeasonColorFilter	1	m_SeasonBlendMode	Game.Prefabs.SeasonColorFilter+SeasonBlendMode	
SeasonColorFilter	2	m_ColorFilters	Game.Prefabs.SeasonColorFilter+ColorFilter[]	
SeasonFilter	0			
SeasonFilter	1	m_Seasons	Game.Prefabs.Climate.SeasonPrefab[]	
SeasonPrefab	0			
SeasonPrefab	1	m_BaseSeason	Game.Prefabs.Climate.SeasonPrefab	
SecondaryLane	0			
SecondaryLane	1	m_LeftLanes	Game.Prefabs.SecondaryLaneInfo[]	
SecondaryLane	2	m_RightLanes	Game.Prefabs.SecondaryLaneInfo[]	
SecondaryLane	3	m_CrossingLanes	Game.Prefabs.SecondaryLaneInfo2[]	
SecondaryLane	4	m_CanFlipSides	System.Boolean	
SecondaryLane	5	m_DuplicateSides	System.Boolean	
SecondaryLane	6	m_RequireParallel	System.Boolean	
SecondaryLane	7	m_RequireOpposite	System.Boolean	
SecondaryLane	8	m_SkipSafePedestrianOverlap	System.Boolean	
SecondaryLane	9	m_SkipSafeCarOverlap	System.Boolean	
SecondaryLane	10	m_SkipUnsafeCarOverlap	System.Boolean	
SecondaryLane	11	m_SkipSideCarOverlap	System.Boolean	
SecondaryLane	12	m_SkipTrackOverlap	System.Boolean	
SecondaryLane	13	m_SkipMergeOverlap	System.Boolean	
SecondaryLane	14	m_FitToParkingSpaces	System.Boolean	
SecondaryLane	15	m_EvenSpacing	System.Boolean	
SecondaryLane	16	m_InvertOverlapCuts	System.Boolean	
SecondaryLane	17	m_PositionOffset	Unity.Mathematics.float3	
SecondaryLane	18	m_LengthOffset	Unity.Mathematics.float2	
SecondaryLane	19	m_CutMargin	System.Single	
SecondaryLane	20	m_CutOffset	System.Single	
SecondaryLane	21	m_CutOverlap	System.Single	
SecondaryLane	22	m_Spacing	System.Single	
SelectedSound	0			
SelectedSound	1	m_SelectedSound	Game.Prefabs.EffectPrefab	
ServiceChirpPrefab	0			
ServiceChirpPrefab	1	m_Account	Game.Prefabs.PrefabBase	
ServiceCompany	0			
ServiceCompany	1	m_MaxService	System.Int32	
ServiceCompany	2	m_MaxWorkersPerCell	System.Single	
ServiceCompany	3	m_ServiceConsuming	System.Int32	The service consumed per leisure tick
ServiceConsumption	0			
ServiceConsumption	1	m_Upkeep	System.Int32	
ServiceConsumption	2	m_ElectricityConsumption	System.Int32	
ServiceConsumption	3	m_WaterConsumption	System.Int32	
ServiceConsumption	4	m_GarbageAccumulation	System.Int32	
ServiceConsumption	5	m_TelecomNeed	System.Single	
ServiceConsumptionGlobalMode	0			
ServiceConsumptionGlobalMode	1	m_UpkeepMultiplier	System.Single	
ServiceConsumptionGlobalMode	2	m_ElectricityConsumptionMultiplier	System.Single	
ServiceConsumptionGlobalMode	3	m_WaterConsumptionMultiplier	System.Single	
ServiceConsumptionGlobalMode	4	m_GarbageAccumlationMultiplier	System.Single	
ServiceConsumptionGlobalMode	5	m_CachedUpkeepDatasDatas	System.Collections.Generic.Dictionary`2[Unity.Entities.Entity,Game.Prefabs.ServiceUpkeepData]	
ServiceCoverage	0			
ServiceCoverage	1	m_Range	System.Single	
ServiceCoverage	2	m_Capacity	System.Single	
ServiceCoverage	3	m_Magnitude	System.Single	
ServiceCoverageGlobalMode	0			
ServiceCoverageGlobalMode	1	m_RangeMultiplier	System.Single	
ServiceCoverageGlobalMode	2	m_CapacityMultiplier	System.Single	
ServiceCoverageGlobalMode	3	m_MagnitudeMultiplier	System.Single	
ServiceCoverageGlobalMode	4	m_OriginalCoverageData	System.Collections.Generic.Dictionary`2[Unity.Entities.Entity,Game.Prefabs.CoverageData]	
ServiceCoverageInfomodePrefab	0			
ServiceCoverageInfomodePrefab	1	m_Service	Game.Net.CoverageService	
ServiceCoverageInfomodePrefab	2	m_Range	Colossal.Mathematics.Bounds1	
ServiceCoverageInfomodePrefab	3	m_Low	UnityEngine.Color	
ServiceCoverageInfomodePrefab	4	m_Medium	UnityEngine.Color	
ServiceCoverageInfomodePrefab	5	m_High	UnityEngine.Color	
ServiceCoverageInfomodePrefab	6	m_Steps	System.Int32	
ServiceCoverageInfomodePrefab	7	m_LegendType	Game.Prefabs.GradientLegendType	
ServiceCoverageInfomodePrefab	8	m_LowLabelId	System.String	Good, Bad, Low, High, Weak, Strong, Old, Young
ServiceCoverageInfomodePrefab	9	m_MediumLabelId	System.String	
ServiceCoverageInfomodePrefab	10	m_HighLabelId	System.String	Good, Bad, Low, High, Weak, Strong, Old, Young
ServiceCoverageInfomodePrefab	11	m_IncludeInGroups	Game.Prefabs.InfomodeGroupPrefab[]	
ServiceCoverageInfomodePrefab	12	m_Priority	System.Int32	
ServiceCoverageInfomodePrefab	13	editor	System.Boolean	
ServiceFeeCollector	0			
ServiceFeeParameterPrefab	0			
ServiceFeeParameterPrefab	1	m_ElectricityFee	Game.Prefabs.FeeParameters	
ServiceFeeParameterPrefab	2	m_ElectricityFeeConsumptionMultiplier	UnityEngine.AnimationCurve	Defines how the electricity consumption correlates to the electricity fee (0-200%)
ServiceFeeParameterPrefab	3	m_HealthcareFee	Game.Prefabs.FeeParameters	
ServiceFeeParameterPrefab	4	m_BasicEducationFee	Game.Prefabs.FeeParameters	
ServiceFeeParameterPrefab	5	m_SecondaryEducationFee	Game.Prefabs.FeeParameters	
ServiceFeeParameterPrefab	6	m_HigherEducationFee	Game.Prefabs.FeeParameters	
ServiceFeeParameterPrefab	7	m_GarbageFee	Game.Prefabs.FeeParameters	
ServiceFeeParameterPrefab	8	m_WaterFee	Game.Prefabs.FeeParameters	
ServiceFeeParameterPrefab	9	m_WaterFeeConsumptionMultiplier	UnityEngine.AnimationCurve	Defines how the water consumption correlates to the water fee (0-200%)
ServiceFeeParameterPrefab	10	m_FireResponseFee	Game.Prefabs.FeeParameters	
ServiceFeeParameterPrefab	11	m_PoliceFee	Game.Prefabs.FeeParameters	
ServiceObject	0			
ServiceObject	1	m_Service	Game.Prefabs.ServicePrefab	
ServicePrefab	0			
ServicePrefab	1	m_CityResources	Game.City.PlayerResource[]	
ServicePrefab	2	m_Service	Game.City.CityService	
ServicePrefab	3	m_BudgetAdjustable	System.Boolean	
ServiceUpgrade	0			
ServiceUpgrade	1	m_Buildings	Game.Prefabs.BuildingPrefab[]	
ServiceUpgrade	2	m_UpgradeCost	System.UInt32	
ServiceUpgrade	3	m_XPReward	System.Int32	
ServiceUpgrade	4	m_MaxPlacementOffset	System.Int32	
ServiceUpgrade	5	m_MaxPlacementDistance	System.Single	
ServiceUpgrade	6	m_ForbidMultiple	System.Boolean	
SewageOutlet	0			
SewageOutlet	1	m_Capacity	System.Int32	
SewageOutlet	2	m_Purification	System.Single	
SewageOutlet	3	m_AllowSubmerged	System.Boolean	
SFX	0			
SFX	1	m_AudioClip	UnityEngine.AudioClip	
SFX	2	m_Volume	System.Single	
SFX	3	m_Pitch	System.Single	
SFX	4	m_SpatialBlend	System.Single	
SFX	5	m_Doppler	System.Single	
SFX	6	m_Spread	System.Single	
SFX	7	m_RolloffMode	UnityEngine.AudioRolloffMode	
SFX	8	m_MinMaxDistance	Unity.Mathematics.float2	
SFX	9	m_Loop	System.Boolean	
SFX	10	m_MixerGroup	Game.Effects.MixerGroup	
SFX	11	m_Priority	System.Byte	
SFX	12	m_RolloffCurve	UnityEngine.AnimationCurve	
SFX	13	m_SourceSize	Unity.Mathematics.float3	
SFX	14	m_FadeTimes	Unity.Mathematics.float2	
SFX	15	m_RandomStartTime	System.Boolean	
ShadowsMidtonesHighlightsProperties	0			
ShadowsMidtonesHighlightsProperties	1	m_Shadows	UnityEngine.Rendering.Vector4Parameter	
ShadowsMidtonesHighlightsProperties	2	m_Midtones	UnityEngine.Rendering.Vector4Parameter	
ShadowsMidtonesHighlightsProperties	3	m_Highlights	UnityEngine.Rendering.Vector4Parameter	
ShadowsMidtonesHighlightsProperties	4	m_ShadowsStart	UnityEngine.Rendering.MinFloatParameter	
ShadowsMidtonesHighlightsProperties	5	m_ShadowsEnd	UnityEngine.Rendering.MinFloatParameter	
ShadowsMidtonesHighlightsProperties	6	m_HighlightsStart	UnityEngine.Rendering.MinFloatParameter	
ShadowsMidtonesHighlightsProperties	7	m_HighlightsEnd	UnityEngine.Rendering.MinFloatParameter	
ShadowsMidtonesHighlightsProperties	8	m_InterpolationMode	Game.Prefabs.Climate.OverrideablePropertiesComponent+InterpolationMode	
ShadowsMidtonesHighlightsProperties	9	m_InterpolationTime	System.Single	
ShorelineObject	0			
ShorelineObject	1	m_ShorelineOffset	System.Single	
ShorelineObject	2	m_MinHeightOffset	System.Single	
ShorelineObject	3	m_AllowDryland	System.Boolean	
SignatureBuilding	0			
SignatureBuilding	1	m_ZoneType	Game.Prefabs.ZonePrefab	
SignatureBuilding	2	m_XPReward	System.Int32	
SignatureBuilding	3	m_UnlockEventImage	System.String	
SimulationWarning	0			
SimulationWarning	1	m_Categories	Game.Prefabs.IconCategory[]	
SoilWaterPrefab	0			
SoilWaterPrefab	1	m_RainMultiplier	System.Single	Amount of water full rain adds to soil simulation
SoilWaterPrefab	2	m_HeightEffect	System.Single	How much terrain height affects where the soil water flows
SoilWaterPrefab	3	m_MaxDiffusion	System.Single	Maximum portion of soil wetness can change per update (high values unstable)
SoilWaterPrefab	4	m_WaterPerUnit	System.Single	How much surface water does a full cell of soil water correspond to
SoilWaterPrefab	5	m_MoistureUnderWater	System.Single	Target soil moisture when land is underwater
SoilWaterPrefab	6	m_MaximumWaterDepth	System.Single	What water depth counts as fully underwater for soil moisture
SoilWaterPrefab	7	m_OverflowRate	System.Single	What portion of extra moisture is transformed into surface water per update
SolarPowered	0			
SolarPowered	1	m_Production	System.Int32	
SpacePrefab	0			
SpacePrefab	1	m_Color	UnityEngine.Color	
SpacePrefab	2	m_EdgeColor	UnityEngine.Color	
SpacePrefab	3	m_SelectionColor	UnityEngine.Color	
SpacePrefab	4	m_SelectionEdgeColor	UnityEngine.Color	
SpawnableArea	0			
SpawnableArea	1	m_Placeholders	Game.Prefabs.AreaPrefab[]	
SpawnableArea	2	m_Probability	System.Int32	
SpawnableBrandDummy	0			
SpawnableBrandDummy	1	m_Placeholders	Game.Prefabs.ObjectPrefab[]	
SpawnableBuilding	0			
SpawnableBuilding	1	m_ZoneType	Game.Prefabs.ZonePrefab	
SpawnableBuilding	2	m_LevelUpResources	Game.Prefabs.ResourceStackInEditor[]	
SpawnableBuilding	3	m_Level	System.Byte	
SpawnableLane	0			
SpawnableLane	1	m_Placeholders	Game.Prefabs.NetLanePrefab[]	
SpawnableLane	2	m_Probability	System.Int32	
SpawnableLane	3	m_RandomizationGroup	Game.Prefabs.GroupPrefab	
SpawnableObject	0			
SpawnableObject	1	m_Placeholders	Game.Prefabs.ObjectPrefab[]	
SpawnableObject	2	m_Probability	System.Int32	
SpawnableObject	3	m_RandomizationGroup	Game.Prefabs.GroupPrefab	
SpawnLocation	0			
SpawnLocation	1	m_ConnectionType	Game.Prefabs.RouteConnectionType	
SpawnLocation	2	m_TrackTypes	Game.Net.TrackTypes	
SpawnLocation	3	m_RoadTypes	Game.Net.RoadTypes	
SpawnLocation	4	m_RequireAuthorization	System.Boolean	
SpawnLocation	5	m_HangaroundOnLane	System.Boolean	
SpectatorEvent	0			
SpectatorEvent	1	m_RandomSiteType	Game.Prefabs.EventTargetType	
SpectatorEvent	2	m_PreparationDuration	System.Single	
SpectatorEvent	3	m_ActiveDuration	System.Single	
SpectatorEvent	4	m_TerminationDuration	System.Single	
StackProperties	0			
StackProperties	1	m_Direction	Game.Prefabs.StackDirection	
StackProperties	2	m_Order	Game.Prefabs.StackOrder	
StackProperties	3	m_StartOverlap	System.Single	
StackProperties	4	m_EndOverlap	System.Single	
StackProperties	5	m_ForbidScaling	System.Boolean	
StandingObject	0			
StandingObject	1	m_LegSize	Unity.Mathematics.float3	
StandingObject	2	m_LegGap	Unity.Mathematics.float2	
StandingObject	3	m_CircularLeg	System.Boolean	
StaticObjectPrefab	0			
StaticObjectPrefab	1	m_Meshes	Game.Prefabs.ObjectMeshInfo[]	
StaticObjectPrefab	2	m_Circular	System.Boolean	
StatisticsPrefab	0			
StatisticsPrefab	1	m_Category	Game.Prefabs.UIStatisticsCategoryPrefab	
StatisticsPrefab	2	m_Group	Game.Prefabs.UIStatisticsGroupPrefab	
StatisticsPrefab	3	m_StatisticsType	Game.City.StatisticType	
StatisticsPrefab	4	m_CollectionType	Game.City.StatisticCollectionType	
StatisticsPrefab	5	m_UnitType	Game.City.StatisticUnitType	
StatisticsPrefab	6	m_Color	UnityEngine.Color	
StatisticsPrefab	7	m_Stacked	System.Boolean	
StatisticTriggerPrefab	0			
StatisticTriggerPrefab	1	m_Type	Game.Prefabs.StatisticTriggerType	
StatisticTriggerPrefab	2	m_StatisticPrefab	Game.Prefabs.StatisticsPrefab	
StatisticTriggerPrefab	3	m_StatisticParameter	System.Int32	
StatisticTriggerPrefab	4	m_NormalizeWithPrefab	Game.Prefabs.StatisticsPrefab	
StatisticTriggerPrefab	5	m_NormalizeWithParameter	System.Int32	
StatisticTriggerPrefab	6	m_TimeFrame	System.Int32	
StatisticTriggerPrefab	7	m_MinSamples	System.Int32	
StorageArea	0			
StorageArea	1	m_StoredResources	Game.Economy.ResourceInEditor[]	
StorageArea	2	m_Capacity	System.Int32	
StorageCompany	0			
StorageCompany	1	process	Game.Prefabs.IndustrialProcess	
StorageCompany	2	transports	System.Int32	
StorageLimit	0			
StorageLimit	1	storageLimit	System.Int32	
StreetLightObject	0			
StreetLightObject	1	m_Layer	Game.Prefabs.StreetLightLayer	
StrictObjectBuiltRequirementPrefab	0			
StrictObjectBuiltRequirementPrefab	1	m_Requirement	Game.Prefabs.PrefabBase	
StrictObjectBuiltRequirementPrefab	2	m_MinimumCount	System.Int32	
StrictObjectBuiltRequirementPrefab	3	m_LabelID	System.String	
SubObjectDefaultProbability	0			
SubObjectDefaultProbability	1	m_DefaultProbability	System.Int32	
SubObjectDefaultProbability	2	m_RotationSymmetry	Game.Objects.RotationSymmetry	
SurfacePrefab	0			
SurfacePrefab	1	m_Color	UnityEngine.Color	
SurfacePrefab	2	m_EdgeColor	UnityEngine.Color	
SurfacePrefab	3	m_SelectionColor	UnityEngine.Color	
SurfacePrefab	4	m_SelectionEdgeColor	UnityEngine.Color	
SwimmingAnimal	0			
SwimmingAnimal	1	m_SwimSpeed	System.Single	
SwimmingAnimal	2	m_SwimDepth	Colossal.Mathematics.Bounds1	
TakeoffLocation	0			
TakeoffLocation	1	m_ConnectionType1	Game.Prefabs.RouteConnectionType	
TakeoffLocation	2	m_ConnectionType2	Game.Prefabs.RouteConnectionType	
TakeoffLocation	3	m_RoadType	Game.Net.RoadTypes	
TaxableResource	0			
TaxableResource	1	m_TaxAreas	Game.Simulation.TaxAreaType[]	
Taxi	0			
Taxi	1	m_PassengerCapacity	System.Int32	
Taxi	2	m_MaintenanceRange	System.Single	
TaxiwayPrefab	0			
TaxiwayPrefab	1	m_SpeedLimit	System.Single	
TaxiwayPrefab	2	m_Taxiway	System.Boolean	
TaxiwayPrefab	3	m_Runway	System.Boolean	
TaxiwayPrefab	4	m_Airspace	System.Boolean	
TaxiwayPrefab	5	m_Sections	Game.Prefabs.NetSectionInfo[]	
TaxiwayPrefab	6	m_EdgeStates	Game.Prefabs.NetEdgeStateInfo[]	
TaxiwayPrefab	7	m_NodeStates	Game.Prefabs.NetNodeStateInfo[]	
TaxiwayPrefab	8	m_MaxSlopeSteepness	System.Single	
TaxiwayPrefab	9	m_AggregateType	Game.Prefabs.AggregateNetPrefab	
TaxiwayPrefab	10	m_StyleType	Game.Prefabs.GroupPrefab	
TaxiwayPrefab	11	m_InvertMode	Game.Prefabs.CompositionInvertMode	
TaxParameterPrefab	0			
TaxParameterPrefab	1	m_TotalTaxLimits	Unity.Mathematics.int2	
TaxParameterPrefab	2	m_ResidentialTaxLimits	Unity.Mathematics.int2	
TaxParameterPrefab	3	m_CommercialTaxLimits	Unity.Mathematics.int2	
TaxParameterPrefab	4	m_IndustrialTaxLimits	Unity.Mathematics.int2	
TaxParameterPrefab	5	m_OfficeTaxLimits	Unity.Mathematics.int2	
TaxParameterPrefab	6	m_JobLevelTaxLimits	Unity.Mathematics.int2	
TaxParameterPrefab	7	m_ResourceTaxLimits	Unity.Mathematics.int2	
TelecomFacility	0			
TelecomFacility	1	m_Range	System.Single	
TelecomFacility	2	m_NetworkCapacity	System.Single	
TelecomFacility	3	m_PenetrateTerrain	System.Boolean	
TelecomPrefab	0			
TelecomPrefab	1	m_TelecomServicePrefab	Game.Prefabs.PrefabBase	
TerraformingBrush	0			
TerraformingBrush	1	m_ToolStrength	System.Single	
TerraformingBrush	2	m_DefaultBrushSize	System.Single	
TerraformingBrush	3	m_DefaultBrushStrength	System.Single	
TerraformingBrush	4	m_DefaultBrushTargetHeight	System.Single	
TerraformingPrefab	0			
TerraformingPrefab	1	m_Type	Game.Prefabs.TerraformingType	
TerraformingPrefab	2	m_Target	Game.Prefabs.TerraformingTarget	
TerraformingPrefab	3	m_BrushMaterial	UnityEngine.Material	
TerrainArea	0			
TerrainArea	1	m_HeightOffset	System.Single	
TerrainArea	2	m_SlopeWidth	System.Single	
TerrainArea	3	m_NoiseScale	System.Single	
TerrainArea	4	m_NoiseFactor	System.Single	
TerrainArea	5	m_AbsoluteHeight	System.Boolean	
TerrainMaterialProperties	0			
TerrainMaterialProperties	1	m_Type	Game.Prefabs.TerrainMaterialType	
TerrainMaterialPropertiesPrefab	0			
TerrainMaterialPropertiesPrefab	1	m_SplatmapMaterial	UnityEngine.Material	
TerrainPropertiesPrefab	0			
TerrainPropertiesPrefab	1	m_WaterSources	Game.Simulation.WaterSystem+WaterSource[]	
TerrainPropertiesPrefab	2	m_WaterSourceSteps	System.Int32	
TerrainPropertiesPrefab	3	m_WaterVelocitySteps	System.Int32	
TerrainPropertiesPrefab	4	m_WaterDepthSteps	System.Int32	
TerrainPropertiesPrefab	5	m_WaterMaxSpeed	System.Int32	
TerrainRenderSettingsPrefab	0			
TerrainRenderSettingsPrefab	1	m_UseLegacyTextureFormat	System.Boolean	
TerrainRenderSettingsPrefab	2	m_RockDiffuse	Colossal.IO.AssetDatabase.AssetReference`1[Colossal.IO.AssetDatabase.TextureAsset]	
TerrainRenderSettingsPrefab	3	m_RockNormal	Colossal.IO.AssetDatabase.AssetReference`1[Colossal.IO.AssetDatabase.TextureAsset]	
TerrainRenderSettingsPrefab	4	m_DirtDiffuse	Colossal.IO.AssetDatabase.AssetReference`1[Colossal.IO.AssetDatabase.TextureAsset]	
TerrainRenderSettingsPrefab	5	m_DirtNormal	Colossal.IO.AssetDatabase.AssetReference`1[Colossal.IO.AssetDatabase.TextureAsset]	
TerrainRenderSettingsPrefab	6	m_GrassDiffuse	Colossal.IO.AssetDatabase.AssetReference`1[Colossal.IO.AssetDatabase.TextureAsset]	
TerrainRenderSettingsPrefab	7	m_GrassNormal	Colossal.IO.AssetDatabase.AssetReference`1[Colossal.IO.AssetDatabase.TextureAsset]	
TerrainRenderSettingsPrefab	8	m_Extra1Diffuse	Colossal.IO.AssetDatabase.AssetReference`1[Colossal.IO.AssetDatabase.TextureAsset]	
TerrainRenderSettingsPrefab	9	m_Extra1Normal	Colossal.IO.AssetDatabase.AssetReference`1[Colossal.IO.AssetDatabase.TextureAsset]	
TerrainRenderSettingsPrefab	10	m_Extra1DirtOverride	System.Single	
TerrainRenderSettingsPrefab	11	m_Extra1SplatRange	System.Single	
TerrainRenderSettingsPrefab	12	m_Extra1BlurDepth	System.Single	
TerrainRenderSettingsPrefab	13	m_Extra1HeightOffset	System.Single	
TerrainRenderSettingsPrefab	14	m_Extra2Diffuse	Colossal.IO.AssetDatabase.AssetReference`1[Colossal.IO.AssetDatabase.TextureAsset]	
TerrainRenderSettingsPrefab	15	m_Extra2Normal	Colossal.IO.AssetDatabase.AssetReference`1[Colossal.IO.AssetDatabase.TextureAsset]	
TerrainRenderSettingsPrefab	16	m_Extra2DirtOverride	System.Single	
TerrainRenderSettingsPrefab	17	m_Extra2SplatRange	System.Single	
TerrainRenderSettingsPrefab	18	m_Extra2BlurDepth	System.Single	
TerrainRenderSettingsPrefab	19	m_Extra2HeightOffset	System.Single	
TerrainRenderSettingsPrefab	20	m_Extra3Diffuse	Colossal.IO.AssetDatabase.AssetReference`1[Colossal.IO.AssetDatabase.TextureAsset]	
TerrainRenderSettingsPrefab	21	m_Extra3Normal	Colossal.IO.AssetDatabase.AssetReference`1[Colossal.IO.AssetDatabase.TextureAsset]	
TerrainRenderSettingsPrefab	22	m_Extra3DirtOverride	System.Single	
TerrainRenderSettingsPrefab	23	m_Extra3SplatRange	System.Single	
TerrainRenderSettingsPrefab	24	m_Extra3BlurDepth	System.Single	
TerrainRenderSettingsPrefab	25	m_Extra3HeightOffset	System.Single	
TerrainRenderSettingsPrefab	26	m_Extra4Diffuse	Colossal.IO.AssetDatabase.AssetReference`1[Colossal.IO.AssetDatabase.TextureAsset]	
TerrainRenderSettingsPrefab	27	m_Extra4Normal	Colossal.IO.AssetDatabase.AssetReference`1[Colossal.IO.AssetDatabase.TextureAsset]	
TerrainRenderSettingsPrefab	28	m_Extra4DirtOverride	System.Single	
TerrainRenderSettingsPrefab	29	m_Extra4SplatRange	System.Single	
TerrainRenderSettingsPrefab	30	m_Extra4BlurDepth	System.Single	
TerrainRenderSettingsPrefab	31	m_Extra4HeightOffset	System.Single	
TerrainRenderSettingsPrefab	32	m_BlurDepth	Game.Prefabs.Terrain.TerrainBlurDepthData	
TerrainRenderSettingsPrefab	33	m_TriplanarHeightMapBlending	System.Single	
TerrainRenderSettingsPrefab	34	m_TriplanarBlendStrengthY	System.Single	
TerrainRenderSettingsPrefab	35	m_SplatMultiplier	System.Single	
TerrainRenderSettingsPrefab	36	m_SplatPower	System.Single	
TerrainRenderSettingsPrefab	37	m_DepthScaleSettings	Game.Prefabs.Terrain.TerrainDepthScaleSetting	
TerrainRenderSettingsPrefab	38	m_TerrainRockTiling	Game.Prefabs.Terrain.TerrainTilingData	
TerrainRenderSettingsPrefab	39	m_TerrainGrassTiling	Game.Prefabs.Terrain.TerrainTilingData	
TerrainRenderSettingsPrefab	40	m_TerrainDirtTiling	Game.Prefabs.Terrain.TerrainTilingData	
TerrainRenderSettingsPrefab	41	m_TerrainRockLodBlend	Game.Prefabs.Terrain.TerrainLodBlendData	
TerrainRenderSettingsPrefab	42	m_TerrainGrassLodBlend	Game.Prefabs.Terrain.TerrainLodBlendData	
TerrainRenderSettingsPrefab	43	m_TerrainDirtLodBlend	Game.Prefabs.Terrain.TerrainLodBlendData	
TerrainRenderSettingsPrefab	44	m_LegacyFarTiling	System.Single	
TerrainRenderSettingsPrefab	45	m_LegacyCloseTiling	System.Single	
TerrainRenderSettingsPrefab	46	m_LegacyCloseDirtTiling	System.Single	
ThemeObject	0			
ThemeObject	1	m_Theme	Game.Prefabs.ThemePrefab	
ThemePrefab	0			
ThemePrefab	1	assetPrefix	System.String	
TimeSettingsPrefab	0			
TimeSettingsPrefab	1	m_DaysPerYear	System.Int32	
ToolError	0			
ToolError	1	m_Error	Game.Tools.ErrorType	
ToolError	2	m_TemporaryOnly	System.Boolean	
ToolError	3	m_DisableInGame	System.Boolean	
ToolError	4	m_DisableInEditor	System.Boolean	
ToolUXSoundSettingsPrefab	0			
ToolUXSoundSettingsPrefab	1	m_PolygonToolSelectPointSound	Game.Prefabs.PrefabBase	
ToolUXSoundSettingsPrefab	2	m_PolygonToolDropPointSound	Game.Prefabs.PrefabBase	
ToolUXSoundSettingsPrefab	3	m_PolygonToolRemovePointSound	Game.Prefabs.PrefabBase	
ToolUXSoundSettingsPrefab	4	m_PolygonToolDeleteAreaSound	Game.Prefabs.PrefabBase	
ToolUXSoundSettingsPrefab	5	m_PolygonToolFinishAreaSound	Game.Prefabs.PrefabBase	
ToolUXSoundSettingsPrefab	6	m_BulldozeSound	Game.Prefabs.PrefabBase	
ToolUXSoundSettingsPrefab	7	m_PropPlantBulldozeSound	Game.Prefabs.PrefabBase	
ToolUXSoundSettingsPrefab	8	m_TerraformSound	Game.Prefabs.PrefabBase	
ToolUXSoundSettingsPrefab	9	m_PlaceBuildingSound	Game.Prefabs.PrefabBase	
ToolUXSoundSettingsPrefab	10	m_RelocateBuildingSound	Game.Prefabs.PrefabBase	
ToolUXSoundSettingsPrefab	11	m_PlaceUpgradeSound	Game.Prefabs.PrefabBase	
ToolUXSoundSettingsPrefab	12	m_PlacePropSound	Game.Prefabs.PrefabBase	
ToolUXSoundSettingsPrefab	13	m_PlaceBuildingFailSound	Game.Prefabs.PrefabBase	
ToolUXSoundSettingsPrefab	14	m_ZoningFillSound	Game.Prefabs.PrefabBase	
ToolUXSoundSettingsPrefab	15	m_ZoningRemoveFillSound	Game.Prefabs.PrefabBase	
ToolUXSoundSettingsPrefab	16	m_ZoningStartPaintSound	Game.Prefabs.PrefabBase	
ToolUXSoundSettingsPrefab	17	m_ZoningEndPaintSound	Game.Prefabs.PrefabBase	
ToolUXSoundSettingsPrefab	18	m_ZoningStartRemovePaintSound	Game.Prefabs.PrefabBase	
ToolUXSoundSettingsPrefab	19	m_ZoningEndRemovePaintSound	Game.Prefabs.PrefabBase	
ToolUXSoundSettingsPrefab	20	m_ZoningMarqueeStartSound	Game.Prefabs.PrefabBase	
ToolUXSoundSettingsPrefab	21	m_ZoningMarqueeEndSound	Game.Prefabs.PrefabBase	
ToolUXSoundSettingsPrefab	22	m_ZoningMarqueeClearStartSound	Game.Prefabs.PrefabBase	
ToolUXSoundSettingsPrefab	23	m_ZoningMarqueeClearEndSound	Game.Prefabs.PrefabBase	
ToolUXSoundSettingsPrefab	24	m_SelectEntitySound	Game.Prefabs.PrefabBase	
ToolUXSoundSettingsPrefab	25	m_SnapSound	Game.Prefabs.PrefabBase	
ToolUXSoundSettingsPrefab	26	m_NetExpandSound	Game.Prefabs.PrefabBase	
ToolUXSoundSettingsPrefab	27	m_NetStartSound	Game.Prefabs.PrefabBase	
ToolUXSoundSettingsPrefab	28	m_NetNodeSound	Game.Prefabs.PrefabBase	
ToolUXSoundSettingsPrefab	29	m_NetBuildSound	Game.Prefabs.PrefabBase	
ToolUXSoundSettingsPrefab	30	m_NetCancelSound	Game.Prefabs.PrefabBase	
ToolUXSoundSettingsPrefab	31	m_NetElevationUpSound	Game.Prefabs.PrefabBase	
ToolUXSoundSettingsPrefab	32	m_NetElevationDownSound	Game.Prefabs.PrefabBase	
ToolUXSoundSettingsPrefab	33	m_TransportLineCompleteSound	Game.Prefabs.PrefabBase	
ToolUXSoundSettingsPrefab	34	m_TransportLineStartSound	Game.Prefabs.PrefabBase	
ToolUXSoundSettingsPrefab	35	m_TransportLineBuildSound	Game.Prefabs.PrefabBase	
ToolUXSoundSettingsPrefab	36	m_TransportLineRemoveSound	Game.Prefabs.PrefabBase	
ToolUXSoundSettingsPrefab	37	m_AreaMarqueeStartSound	Game.Prefabs.PrefabBase	
ToolUXSoundSettingsPrefab	38	m_AreaMarqueeEndSound	Game.Prefabs.PrefabBase	
ToolUXSoundSettingsPrefab	39	m_AreaMarqueeClearStartSound	Game.Prefabs.PrefabBase	
ToolUXSoundSettingsPrefab	40	m_AreaMarqueeClearEndSound	Game.Prefabs.PrefabBase	
ToolUXSoundSettingsPrefab	41	m_TutorialStartedSound	Game.Prefabs.PrefabBase	
ToolUXSoundSettingsPrefab	42	m_TutorialCompletedSound	Game.Prefabs.PrefabBase	
ToolUXSoundSettingsPrefab	43	m_CameraZoomInSound	Game.Prefabs.PrefabBase	
ToolUXSoundSettingsPrefab	44	m_CameraZoomOutSound	Game.Prefabs.PrefabBase	
ToolUXSoundSettingsPrefab	45	m_DeletetEntitySound	Game.Prefabs.PrefabBase	
TrackLane	0			
TrackLane	1	m_FallbackLane	Game.Prefabs.NetLanePrefab	
TrackLane	2	m_EndObject	Game.Prefabs.ObjectPrefab	
TrackLane	3	m_TrackType	Game.Net.TrackTypes	
TrackLane	4	m_Width	System.Single	
TrackLane	5	m_MaxCurviness	System.Single	
TrackLane	6	m_Twoway	System.Boolean	
TrackPathfind	0			
TrackPathfind	1	m_DrivingCost	Game.Prefabs.PathfindCostInfo	
TrackPathfind	2	m_TwowayCost	Game.Prefabs.PathfindCostInfo	
TrackPathfind	3	m_SwitchCost	Game.Prefabs.PathfindCostInfo	
TrackPathfind	4	m_DiamondCrossingCost	Game.Prefabs.PathfindCostInfo	
TrackPathfind	5	m_CurveAngleCost	Game.Prefabs.PathfindCostInfo	
TrackPathfind	6	m_SpawnCost	Game.Prefabs.PathfindCostInfo	
TrackPrefab	0			
TrackPrefab	1	m_TrackType	Game.Net.TrackTypes	
TrackPrefab	2	m_SpeedLimit	System.Single	
TrackPrefab	3	m_Sections	Game.Prefabs.NetSectionInfo[]	
TrackPrefab	4	m_EdgeStates	Game.Prefabs.NetEdgeStateInfo[]	
TrackPrefab	5	m_NodeStates	Game.Prefabs.NetNodeStateInfo[]	
TrackPrefab	6	m_MaxSlopeSteepness	System.Single	
TrackPrefab	7	m_AggregateType	Game.Prefabs.AggregateNetPrefab	
TrackPrefab	8	m_StyleType	Game.Prefabs.GroupPrefab	
TrackPrefab	9	m_InvertMode	Game.Prefabs.CompositionInvertMode	
TrafficAccident	0			
TrafficAccident	1	m_RandomSiteType	Game.Prefabs.EventTargetType	
TrafficAccident	2	m_SubjectType	Game.Prefabs.EventTargetType	
TrafficAccident	3	m_AccidentType	Game.Prefabs.TrafficAccidentType	
TrafficAccident	4	m_OccurrenceProbability	System.Single	
TrafficAccidentMode	0			
TrafficAccidentMode	1	m_ModeDatas	Game.Prefabs.Modes.TrafficAccidentMode+ModeData[]	
TrafficConfigurationPrefab	0			
TrafficConfigurationPrefab	1	m_BottleneckNotification	Game.Prefabs.NotificationIconPrefab	
TrafficConfigurationPrefab	2	m_DeadEndNotification	Game.Prefabs.NotificationIconPrefab	
TrafficConfigurationPrefab	3	m_RoadConnectionNotification	Game.Prefabs.NotificationIconPrefab	
TrafficConfigurationPrefab	4	m_TrackConnectionNotification	Game.Prefabs.NotificationIconPrefab	
TrafficConfigurationPrefab	5	m_CarConnectionNotification	Game.Prefabs.NotificationIconPrefab	
TrafficConfigurationPrefab	6	m_ShipConnectionNotification	Game.Prefabs.NotificationIconPrefab	
TrafficConfigurationPrefab	7	m_TrainConnectionNotification	Game.Prefabs.NotificationIconPrefab	
TrafficConfigurationPrefab	8	m_PedestrianConnectionNotification	Game.Prefabs.NotificationIconPrefab	
TrafficConfigurationPrefab	9	m_BicycleConnectionNotification	Game.Prefabs.NotificationIconPrefab	
TrafficLightObject	0			
TrafficLightObject	1	m_VehicleLeft	System.Boolean	
TrafficLightObject	2	m_VehicleRight	System.Boolean	
TrafficLightObject	3	m_CrossingLeft	System.Boolean	
TrafficLightObject	4	m_CrossingRight	System.Boolean	
TrafficLightObject	5	m_AllowFlipped	System.Boolean	
TrafficLightObject	6	m_ReachOffset	Colossal.Mathematics.Bounds1	
TrafficSignObject	0			
TrafficSignObject	1	m_SignTypes	Game.Prefabs.TrafficSignType[]	
TrafficSignObject	2	m_SpeedLimit	System.Int32	
TrafficSpawner	0			
TrafficSpawner	1	m_RoadType	Game.Net.RoadTypes	
TrafficSpawner	2	m_TrackType	Game.Net.TrackTypes	
TrafficSpawner	3	m_SpawnRate	System.Single	
TrafficSpawner	4	m_NoSlowVehicles	System.Boolean	
TrainCarPrefab	0			
TrainCarPrefab	1	m_TrackType	Game.Net.TrackTypes	
TrainCarPrefab	2	m_EnergyType	Game.Vehicles.EnergyTypes	
TrainCarPrefab	3	m_MaxSpeed	System.Single	
TrainCarPrefab	4	m_Acceleration	System.Single	
TrainCarPrefab	5	m_Braking	System.Single	
TrainCarPrefab	6	m_Turning	Unity.Mathematics.float2	
TrainCarPrefab	7	m_BogieOffset	Unity.Mathematics.float2	
TrainCarPrefab	8	m_AttachOffset	Unity.Mathematics.float2	
TrainCarPrefab	9	m_Meshes	Game.Prefabs.ObjectMeshInfo[]	
TrainCarPrefab	10	m_Circular	System.Boolean	
TrainEnginePrefab	0			
TrainEnginePrefab	1	m_MinEngineCount	System.Int32	
TrainEnginePrefab	2	m_MaxEngineCount	System.Int32	
TrainEnginePrefab	3	m_MinCarriagesPerEngine	System.Int32	
TrainEnginePrefab	4	m_MaxCarriagesPerEngine	System.Int32	
TrainEnginePrefab	5	m_Tender	Game.Prefabs.TrainCarPrefab	
TrainEnginePrefab	6	m_TrackType	Game.Net.TrackTypes	
TrainEnginePrefab	7	m_EnergyType	Game.Vehicles.EnergyTypes	
TrainEnginePrefab	8	m_MaxSpeed	System.Single	
TrainEnginePrefab	9	m_Acceleration	System.Single	
TrainEnginePrefab	10	m_Braking	System.Single	
TrainEnginePrefab	11	m_Turning	Unity.Mathematics.float2	
TrainEnginePrefab	12	m_BogieOffset	Unity.Mathematics.float2	
TrainEnginePrefab	13	m_AttachOffset	Unity.Mathematics.float2	
TrainEnginePrefab	14	m_Meshes	Game.Prefabs.ObjectMeshInfo[]	
TrainEnginePrefab	15	m_Circular	System.Boolean	
Transformer	0			
TransportDepot	0			
TransportDepot	1	m_TransportType	Game.Prefabs.TransportType	
TransportDepot	2	m_EnergyTypes	Game.Vehicles.EnergyTypes	
TransportDepot	3	m_SizeClass	Game.Vehicles.SizeClass	
TransportDepot	4	m_VehicleCapacity	System.Int32	
TransportDepot	5	m_ProductionDuration	System.Single	
TransportDepot	6	m_MaintenanceDuration	System.Single	
TransportDepot	7	m_DispatchCenter	System.Boolean	
TransportLinePrefab	0			
TransportLinePrefab	1	m_AccessConnectionType	Game.Prefabs.RouteConnectionType	
TransportLinePrefab	2	m_RouteConnectionType	Game.Prefabs.RouteConnectionType	
TransportLinePrefab	3	m_AccessTrackType	Game.Net.TrackTypes	
TransportLinePrefab	4	m_RouteTrackType	Game.Net.TrackTypes	
TransportLinePrefab	5	m_AccessRoadType	Game.Net.RoadTypes	
TransportLinePrefab	6	m_RouteRoadType	Game.Net.RoadTypes	
TransportLinePrefab	7	m_TransportType	Game.Prefabs.TransportType	
TransportLinePrefab	8	m_DefaultVehicleInterval	System.Single	
TransportLinePrefab	9	m_DefaultUnbunchingFactor	System.Single	
TransportLinePrefab	10	m_StopDuration	System.Single	
TransportLinePrefab	11	m_SizeClass	Game.Vehicles.SizeClass	
TransportLinePrefab	12	m_PassengerTransport	System.Boolean	
TransportLinePrefab	13	m_CargoTransport	System.Boolean	
TransportLinePrefab	14	m_PathfindPrefab	Game.Prefabs.PathfindPrefab	
TransportLinePrefab	15	m_VehicleNotification	Game.Prefabs.NotificationIconPrefab	
TransportLinePrefab	16	m_Material	UnityEngine.Material	
TransportLinePrefab	17	m_Width	System.Single	
TransportLinePrefab	18	m_SegmentLength	System.Single	
TransportLinePrefab	19	m_Color	UnityEngine.Color	
TransportLinePrefab	20	m_LocaleID	System.String	
TransportPathfind	0			
TransportPathfind	1	m_OrderingCost	Game.Prefabs.PathfindCostInfo	
TransportPathfind	2	m_StartingCost	Game.Prefabs.PathfindCostInfo	
TransportPathfind	3	m_TravelCost	Game.Prefabs.PathfindCostInfo	
TransportRequirementPrefab	0			
TransportRequirementPrefab	1	m_BuildingPrefab	Game.Prefabs.BuildingPrefab	
TransportRequirementPrefab	2	m_TransportType	Game.Prefabs.TransportType	
TransportRequirementPrefab	3	m_FilterID	System.Int32	
TransportRequirementPrefab	4	m_MinimumTransportedPassenger	System.Int32	
TransportRequirementPrefab	5	m_MinimumTransportedCargo	System.Int32	
TransportRequirementPrefab	6	m_LabelID	System.String	
TransportStation	0			
TransportStation	1	m_CarRefuelTypes	Game.Vehicles.EnergyTypes	
TransportStation	2	m_TrainRefuelTypes	Game.Vehicles.EnergyTypes	
TransportStation	3	m_WatercraftRefuelTypes	Game.Vehicles.EnergyTypes	
TransportStation	4	m_AircraftRefuelTypes	Game.Vehicles.EnergyTypes	
TransportStation	5	m_ComfortFactor	System.Single	
TransportStop	0			
TransportStop	1	m_TransportType	Game.Prefabs.TransportType	
TransportStop	2	m_AccessConnectionType	Game.Prefabs.RouteConnectionType	
TransportStop	3	m_RouteConnectionType	Game.Prefabs.RouteConnectionType	
TransportStop	4	m_AccessTrackType	Game.Net.TrackTypes	
TransportStop	5	m_RouteTrackType	Game.Net.TrackTypes	
TransportStop	6	m_AccessRoadType	Game.Net.RoadTypes	
TransportStop	7	m_RouteRoadType	Game.Net.RoadTypes	
TransportStop	8	m_EnterDistance	System.Single	
TransportStop	9	m_ExitDistance	System.Single	
TransportStop	10	m_AccessDistance	System.Single	
TransportStop	11	m_BoardingTime	System.Single	
TransportStop	12	m_ComfortFactor	System.Single	
TransportStop	13	m_LoadingFactor	System.Single	
TransportStop	14	m_PassengerTransport	System.Boolean	
TransportStop	15	m_CargoTransport	System.Boolean	
TransportStopInfomodePrefab	0			
TransportStopInfomodePrefab	1	m_Type	Game.Prefabs.TransportType	
TransportStopInfomodePrefab	2	m_Color	UnityEngine.Color	
TransportStopInfomodePrefab	3	m_IncludeInGroups	Game.Prefabs.InfomodeGroupPrefab[]	
TransportStopInfomodePrefab	4	m_Priority	System.Int32	
TransportStopInfomodePrefab	5	editor	System.Boolean	
TransportStopMarker	0			
TransportStopMarker	1	m_TransportType	Game.Prefabs.TransportType	
TransportStopMarker	2	m_PassengerTransport	System.Boolean	
TransportStopMarker	3	m_CargoTransport	System.Boolean	
TransportStopMarker	4	m_WorkStop	System.Boolean	
TransportStopMarker	5	m_WorkLocation	System.Boolean	
TreeObject	0			
TreeObject	1	m_WoodAmount	System.Single	
TreeObjectGlobal	0			
TreeObjectGlobal	1	m_WoodAmountMultiplier	System.Single	
TriggerCondition	0			
TriggerCondition	1	m_Conditions	Game.Prefabs.TriggerConditionData[]	
TriggerLimit	0			
TriggerLimit	1	m_IntervalSeconds	System.Single	
TriggerPrefab	0			
TriggerPrefab	1	m_TriggerType	Game.Triggers.TriggerType	
TriggerPrefab	2	m_TriggerPrefabs	Game.Prefabs.PrefabBase[]	
TriggerPrefab	3	m_TargetTypes	Game.Triggers.TargetType	
TripPriorityParametersPrefab	0			
TripPriorityParametersPrefab	1	m_BaseMaxCost	System.Single	Pathfind max cost when priority equals the default value (128). Higher priorities scale up proportionally, lower priorities scale down.
TripPriorityParametersPrefab	2	m_PriorityGoingHome	System.Byte	
TripPriorityParametersPrefab	3	m_PriorityGoingToWork	System.Byte	
TripPriorityParametersPrefab	4	m_PriorityGoingToSchool	System.Byte	
TripPriorityParametersPrefab	5	m_PriorityShopping	System.Byte	
TripPriorityParametersPrefab	6	m_PriorityHospital	System.Byte	
TripPriorityParametersPrefab	7	m_PrioritySafety	System.Byte	
TripPriorityParametersPrefab	8	m_PriorityEscape	System.Byte	
TripPriorityParametersPrefab	9	m_PriorityEmergencyShelter	System.Byte	
TripPriorityParametersPrefab	10	m_PriorityDeathcare	System.Byte	
TripPriorityParametersPrefab	11	m_PriorityMovingAway	System.Byte	
TripPriorityParametersPrefab	12	m_PriorityTourist	System.Byte	
TripPriorityParametersPrefab	13	m_PriorityCriminal	System.Byte	
TripPriorityParametersPrefab	14	m_LeisurePriorityMin	System.Byte	Leisure priority when LeisureCounter is at its peak (citizen is satisfied).
TripPriorityParametersPrefab	15	m_LeisurePriorityMax	System.Byte	Leisure priority when LeisureCounter is at zero (citizen is most desperate for leisure).
TutorialActivationEvent	0			
TutorialActivationEvent	1	m_Tutorials	Game.Prefabs.TutorialPrefab[]	
TutorialAdvisorActivation	0			
TutorialAreaTriggerPrefab	0			
TutorialAreaTriggerPrefab	1	m_Targets	Game.Prefabs.AreaPrefab[]	
TutorialAreaTriggerPrefab	2	m_Flags	Game.Tutorials.AreaTriggerFlags	
TutorialAreaTriggerPrefab	3	m_DisplayUI	System.Boolean	
TutorialAutoActivation	0			
TutorialAutoActivation	1	m_RequiredUnlock	Game.Prefabs.PrefabBase	
TutorialBalloonPrefab	0			
TutorialBalloonPrefab	1	m_UITargets	Game.Prefabs.TutorialBalloonPrefab+BalloonUITarget[]	
TutorialBalloonPrefab	2	m_Image	System.String	
TutorialBalloonPrefab	3	m_OverrideImagePS	System.String	
TutorialBalloonPrefab	4	m_OverrideImageXBox	System.String	
TutorialBalloonPrefab	5	m_Icon	System.String	
TutorialBalloonPrefab	6	m_TitleVisible	System.Boolean	
TutorialBalloonPrefab	7	m_DescriptionVisible	System.Boolean	
TutorialBalloonPrefab	8	m_CanDeactivate	System.Boolean	
TutorialBalloonPrefab	9	m_ControlScheme	Game.Prefabs.TutorialPhasePrefab+ControlScheme	
TutorialBalloonPrefab	10	m_Trigger	Game.Prefabs.TutorialTriggerPrefabBase	
TutorialBalloonPrefab	11	m_OverrideCompletionDelay	System.Single	
TutorialCardPrefab	0			
TutorialCardPrefab	1	m_CenterCard	System.Boolean	
TutorialCardPrefab	2	m_Scrollable	System.Boolean	
TutorialCardPrefab	3	m_AutoScroll	System.Boolean	
TutorialCardPrefab	4	m_Image	System.String	
TutorialCardPrefab	5	m_OverrideImagePS	System.String	
TutorialCardPrefab	6	m_OverrideImageXBox	System.String	
TutorialCardPrefab	7	m_Icon	System.String	
TutorialCardPrefab	8	m_TitleVisible	System.Boolean	
TutorialCardPrefab	9	m_DescriptionVisible	System.Boolean	
TutorialCardPrefab	10	m_CanDeactivate	System.Boolean	
TutorialCardPrefab	11	m_ControlScheme	Game.Prefabs.TutorialPhasePrefab+ControlScheme	
TutorialCardPrefab	12	m_Trigger	Game.Prefabs.TutorialTriggerPrefabBase	
TutorialCardPrefab	13	m_OverrideCompletionDelay	System.Single	
TutorialControlSchemeActivation	0			
TutorialControlSchemeActivation	1	m_ControlScheme	Game.Input.InputManager+ControlScheme	
TutorialFireActivation	0			
TutorialFireActivation	1	m_Target	Game.Prefabs.TutorialFireActivation+FireActivationTarget	
TutorialHealthProblemActivation	0			
TutorialHealthProblemActivation	1	m_Flags	Game.Citizens.HealthProblemFlags	
TutorialHealthProblemActivation	2	m_RequiredCount	System.Int32	
TutorialInfoPanelPrefab	0			
TutorialInfoPanelPrefab	1	m_Images	System.String[]	
TutorialInfoPanelPrefab	2	m_UITargets	Game.Prefabs.TutorialInfoPanelPrefab+UIHighlightTarget[]	
TutorialInfoPanelPrefab	3	m_Image	System.String	
TutorialInfoPanelPrefab	4	m_OverrideImagePS	System.String	
TutorialInfoPanelPrefab	5	m_OverrideImageXBox	System.String	
TutorialInfoPanelPrefab	6	m_Icon	System.String	
TutorialInfoPanelPrefab	7	m_TitleVisible	System.Boolean	
TutorialInfoPanelPrefab	8	m_DescriptionVisible	System.Boolean	
TutorialInfoPanelPrefab	9	m_CanDeactivate	System.Boolean	
TutorialInfoPanelPrefab	10	m_ControlScheme	Game.Prefabs.TutorialPhasePrefab+ControlScheme	
TutorialInfoPanelPrefab	11	m_Trigger	Game.Prefabs.TutorialTriggerPrefabBase	
TutorialInfoPanelPrefab	12	m_OverrideCompletionDelay	System.Single	
TutorialInfoviewActivation	0			
TutorialInfoviewActivation	1	m_Infoview	Game.Prefabs.InfoviewPrefab	
TutorialInputTriggerPrefab	0			
TutorialInputTriggerPrefab	1	m_Actions	Game.Prefabs.TutorialInputTriggerPrefab+InputAction[]	
TutorialInputTriggerPrefab	2	m_DisplayUI	System.Boolean	
TutorialListPrefab	0			
TutorialListPrefab	1	m_Priority	System.Int32	
TutorialListPrefab	2	m_Tutorials	Game.Prefabs.TutorialPrefab[]	
TutorialListPrefab	3	m_HintsVisible	System.Boolean	
TutorialListPrefab	4	m_DisabledVisible	System.Boolean	
TutorialListPrefab	5	m_EnableAutoCollapse	System.Boolean	
TutorialListPrefab	6	m_EnableAutoExpand	System.Boolean	
TutorialListPrefab	7	m_AutoplayDefault	System.Boolean	
TutorialObjectPlacementTriggerPrefab	0			
TutorialObjectPlacementTriggerPrefab	1	m_Targets	Game.Prefabs.TutorialObjectPlacementTriggerPrefab+ObjectPlacementTarget[]	
TutorialObjectPlacementTriggerPrefab	2	m_RequiredCount	System.Int32	
TutorialObjectPlacementTriggerPrefab	3	m_DisplayUI	System.Boolean	
TutorialObjectSelectionActivation	0			
TutorialObjectSelectionActivation	1	m_Prefabs	Game.Prefabs.PrefabBase[]	
TutorialObjectSelectionActivation	2	m_AllowTool	System.Boolean	
TutorialObjectSelectionTriggerPrefab	0			
TutorialObjectSelectionTriggerPrefab	1	m_Triggers	Game.Prefabs.TutorialObjectSelectionTriggerPrefab+ObjectSelectionTriggerInfo[]	
TutorialObjectSelectionTriggerPrefab	2	m_DisplayUI	System.Boolean	
TutorialPrefab	0			
TutorialPrefab	1	m_Phases	Game.Prefabs.TutorialPhasePrefab[]	
TutorialPrefab	2	m_Priority	System.Int32	
TutorialPrefab	3	m_Category	Game.Prefabs.TutorialPrefab+TutorialCategory	
TutorialPrefab	4	m_ReplaceActive	System.Boolean	
TutorialPrefab	5	m_Mandatory	System.Boolean	
TutorialPrefab	6	m_EditorTutorial	System.Boolean	
TutorialPrefab	7	m_FireTelemetry	System.Boolean	
TutorialsConfigurationPrefab	0			
TutorialsConfigurationPrefab	1	m_TutorialsIntroList	Game.Prefabs.TutorialListPrefab	
TutorialsConfigurationPrefab	2	m_MapTilesPrefab	Game.Prefabs.FeaturePrefab	
TutorialUIActivation	0			
TutorialUIActivation	1	m_UITagProvider	Game.Prefabs.PrefabBase	
TutorialUIActivation	2	m_CanDeactivate	System.Boolean	
TutorialUITriggerPrefab	0			
TutorialUITriggerPrefab	1	m_UITriggers	Game.Prefabs.TutorialUITriggerPrefab+UITriggerInfo[]	
TutorialUITriggerPrefab	2	m_DisplayUI	System.Boolean	
TutorialZoningTriggerPrefab	0			
TutorialZoningTriggerPrefab	1	m_Zones	Game.Prefabs.ZonePrefab[]	
TutorialZoningTriggerPrefab	2	m_DisplayUI	System.Boolean	
UIAssetCategoryPrefab	0			
UIAssetCategoryPrefab	1	m_Menu	Game.Prefabs.UIAssetMenuPrefab	
UIAssetMenuPrefab	0			
UIAvatarColors	0			
UIAvatarColors	1	m_AvatarColors	UnityEngine.Color32[]	
UICompositeTagPrefab	0			
UICompositeTagPrefab	1	m_UITagProviders	Game.Prefabs.PrefabBase[]	This prefab generates a single tag by concatenating the tags of the items in this array, in the order they appear. The tag is treated as a single tag by the Tutorials system.
UICompositeTagPrefab	2	m_Override	System.String	If set, the override is used as a UI tag instead of the generated tag.
UIEconomyConfigurationPrefab	0			
UIEconomyConfigurationPrefab	1	m_IncomeItems	Game.UI.BudgetItem`1[Game.City.IncomeSource][]	
UIEconomyConfigurationPrefab	2	m_ExpenseItems	Game.UI.BudgetItem`1[Game.City.ExpenseSource][]	
UIEditorTutorialGroupPrefab	0			
UIInfoviewsConfigurationPrefab	0			
UIInfoviewsConfigurationPrefab	1	m_HomelessInfomodePrefab	Game.Prefabs.InfomodePrefab	
UIMultiTagPrefab	0			
UIMultiTagPrefab	1	m_Override	System.String	If set, the override is used as a UI tag instead of the generated tag.
UIMultiTagPrefab	2	m_UITagProviders	Game.Prefabs.PrefabBase[]	This prefab allows adding multiple tags in Tutorials, Tutorial Phases and Tutorial Triggers. The tags are treated as separate but hierarchically equal by the Tutorials system.
UIObject	0			
UIObject	1	m_Group	Game.Prefabs.UIGroupPrefab	
UIObject	2	m_Priority	System.Int32	
UIObject	3	m_Icon	System.String	
UIObject	4	m_IsDebugObject	System.Boolean	
UIPollutionConfigurationPrefab	0			
UIPollutionConfigurationPrefab	1	m_GroundPollution	Game.Prefabs.UIPollutionThresholds	
UIPollutionConfigurationPrefab	2	m_AirPollution	Game.Prefabs.UIPollutionThresholds	
UIPollutionConfigurationPrefab	3	m_NoisePollution	Game.Prefabs.UIPollutionThresholds	
UIProductionLinkPrefab	0			
UIProductionLinkPrefab	1	m_Type	Game.Prefabs.ProductionChainActorType	
UIProductionLinkPrefab	2	m_Icon	System.String	
UIProductionLinks	0			
UIProductionLinks	1	m_Producer	Game.Prefabs.UIProductionLinkPrefab	
UIProductionLinks	2	m_FinalConsumers	Game.Prefabs.UIProductionLinkPrefab[]	
UIResourceCategoryPrefab	0			
UIShortcut	0			
UIShortcut	1	m_Action	Game.Input.UIInputAction	
UIStatisticsCategoryPrefab	0			
UIStatisticsGroupPrefab	0			
UIStatisticsGroupPrefab	1	m_Color	UnityEngine.Color	
UIStatisticsGroupPrefab	2	m_Category	Game.Prefabs.UIStatisticsCategoryPrefab	
UIStatisticsGroupPrefab	3	m_UnitType	Game.City.StatisticUnitType	
UIStatisticsGroupPrefab	4	m_Stacked	System.Boolean	
UITagPrefab	0			
UITagPrefab	1	m_Override	System.String	If set, the override is used as a UI tag instead of the generated tag.
UIToolbarBottomConfigurationPrefab	0			
UIToolbarBottomConfigurationPrefab	1	m_MoneyTrendThresholds	Game.Prefabs.UITrendThresholds	
UIToolbarBottomConfigurationPrefab	2	m_PopulationTrendThresholds	Game.Prefabs.UITrendThresholds	
UIToolbarGroupPrefab	0			
UIToolbarGroupPrefab	1	m_Priority	System.Int32	
UITransportConfigurationPrefab	0			
UITransportConfigurationPrefab	1	m_TransportInfoview	Game.Prefabs.InfoviewPrefab	
UITransportConfigurationPrefab	2	m_RoutesInfomode	Game.Prefabs.InfomodePrefab	
UITransportConfigurationPrefab	3	m_TicketPricePolicy	Game.Prefabs.PolicyPrefab	
UITransportConfigurationPrefab	4	m_OutOfServicePolicy	Game.Prefabs.PolicyPrefab	
UITransportConfigurationPrefab	5	m_VehicleCountPolicy	Game.Prefabs.PolicyPrefab	
UITransportConfigurationPrefab	6	m_DayRoutePolicy	Game.Prefabs.PolicyPrefab	
UITransportConfigurationPrefab	7	m_NightRoutePolicy	Game.Prefabs.PolicyPrefab	
UITransportConfigurationPrefab	8	m_PassengerSummaryItems	Game.Prefabs.UITransportSummaryItem[]	
UITransportConfigurationPrefab	9	m_CargoSummaryItems	Game.Prefabs.UITransportSummaryItem[]	
UITransportConfigurationPrefab	10	m_PassengerLineTypes	Game.Prefabs.UITransportItem[]	
UITransportConfigurationPrefab	11	m_CargoLineTypes	Game.Prefabs.UITransportItem[]	
UITutorialGroupPrefab	0			
UIWhatsNewPanelPrefab	0			
UIWhatsNewPanelPrefab	1	m_Pages	Game.Prefabs.UIWhatsNewPanelPrefab+UIWhatsNewPanelPage[]	
UndergroundMesh	0			
UndergroundMesh	1	m_IsTunnel	System.Boolean	
UndergroundMesh	2	m_IsPipeline	System.Boolean	
UndergroundMesh	3	m_IsSubPipeline	System.Boolean	
UndergroundNetSections	0			
UndergroundNetSections	1	m_Sections	Game.Prefabs.NetSectionInfo[]	
UnderwaterObject	0			
UnderwaterObject	1	m_AllowDryland	System.Boolean	
UniqueObject	0			
Unlockable	0			
Unlockable	1	m_RequireAll	Game.Prefabs.PrefabBase[]	
Unlockable	2	m_RequireAny	Game.Prefabs.PrefabBase[]	
Unlockable	3	m_IgnoreDependencies	System.Boolean	
UnlockAtStartMode	0			
UnlockAtStartMode	1	m_Prefabs	Game.Prefabs.PrefabBase[]	
UnlockAtStartMode	2	m_Requirement	Game.Prefabs.PrefabBase	
UnlockFilter	0			
UnlockFilter	1	m_UnlockUniqueID	System.Int32	
UnlockOnBuild	0			
UnlockOnBuild	1	m_Unlocks	Game.Prefabs.ObjectBuiltRequirementPrefab[]	
UpkeepModifier	0			
UpkeepModifier	1	m_Modifiers	Game.Prefabs.UpkeepModifierInfo[]	
UtilityLane	0			
UtilityLane	1	m_UtilityType	Game.Net.UtilityTypes	
UtilityLane	2	m_LocalConnectionLane	Game.Prefabs.NetLanePrefab	
UtilityLane	3	m_LocalConnectionLane2	Game.Prefabs.NetLanePrefab	
UtilityLane	4	m_NodeObject	Game.Prefabs.ObjectPrefab	
UtilityLane	5	m_Width	System.Single	
UtilityLane	6	m_VisualCapacity	System.Single	
UtilityLane	7	m_Hanging	System.Single	
UtilityLane	8	m_Underground	System.Boolean	
UtilityObject	0			
UtilityObject	1	m_UtilityType	Game.Net.UtilityTypes	
UtilityObject	2	m_UtilityPosition	Unity.Mathematics.float3	
VehicleInfomodePrefab	0			
VehicleInfomodePrefab	1	m_Type	Game.Prefabs.VehicleType	
VehicleInfomodePrefab	2	m_Color	UnityEngine.Color	
VehicleInfomodePrefab	3	m_IncludeInGroups	Game.Prefabs.InfomodeGroupPrefab[]	
VehicleInfomodePrefab	4	m_Priority	System.Int32	
VehicleInfomodePrefab	5	editor	System.Boolean	
VehicleLaunch	0			
VehicleLaunch	1	m_TransportType	Game.Prefabs.TransportType	
VehicleMarker	0			
VehicleMarker	1	m_VehicleType	Game.Prefabs.VehicleType	
VehicleSFX	0			
VehicleSFX	1	m_SpeedLimits	Unity.Mathematics.float2	
VehicleSFX	2	m_SpeedPitches	Unity.Mathematics.float2	
VehicleSFX	3	m_SpeedVolumes	Unity.Mathematics.float2	
VehicleSideEffects	0			
VehicleSideEffects	1	m_RoadWear	Unity.Mathematics.float2	
VehicleSideEffects	2	m_NoisePollution	Unity.Mathematics.float2	
VehicleSideEffects	3	m_AirPollution	Unity.Mathematics.float2	
VerifiedPathPrefab	0			
VerifiedPathPrefab	1	m_RouteRoadType	Game.Net.RoadTypes	
VerifiedPathPrefab	2	m_SizeClass	Game.Vehicles.SizeClass	
VerifiedPathPrefab	3	m_Material	UnityEngine.Material	
VerifiedPathPrefab	4	m_Width	System.Single	
VerifiedPathPrefab	5	m_SegmentLength	System.Single	
VerifiedPathPrefab	6	m_Color	UnityEngine.Color	
VerifiedPathPrefab	7	m_LocaleID	System.String	
VFX	0			
VFX	1	m_Effect	UnityEngine.VFX.VisualEffectAsset	
VFX	2	m_MaxCount	System.Int32	
VignetteProperties	0			
VignetteProperties	1	m_Color	UnityEngine.Rendering.ColorParameter	
VignetteProperties	2	m_Center	UnityEngine.Rendering.Vector2Parameter	
VignetteProperties	3	m_Intensity	UnityEngine.Rendering.ClampedFloatParameter	
VignetteProperties	4	m_Smoothness	UnityEngine.Rendering.ClampedFloatParameter	
VignetteProperties	5	m_Roundness	UnityEngine.Rendering.ClampedFloatParameter	
VignetteProperties	6	m_Rounded	UnityEngine.Rendering.BoolParameter	
VignetteProperties	7	m_InterpolationMode	Game.Prefabs.Climate.OverrideablePropertiesComponent+InterpolationMode	
VignetteProperties	8	m_InterpolationTime	System.Single	
VolumetricCloudsProperties	0			
VolumetricCloudsProperties	1	m_BottomAltitude	UnityEngine.Rendering.MinFloatParameter	
VolumetricCloudsProperties	2	m_AltitudeRange	UnityEngine.Rendering.MinFloatParameter	
VolumetricCloudsProperties	3	m_DensityMultiplier	UnityEngine.Rendering.ClampedFloatParameter	
VolumetricCloudsProperties	4	m_DensityCurve	UnityEngine.Rendering.AnimationCurveParameter	
VolumetricCloudsProperties	5	m_ShapeFactor	UnityEngine.Rendering.ClampedFloatParameter	
VolumetricCloudsProperties	6	m_ShapeOffset	UnityEngine.Rendering.Vector3Parameter	
VolumetricCloudsProperties	7	m_ErosionFactor	UnityEngine.Rendering.ClampedFloatParameter	
VolumetricCloudsProperties	8	m_ErosionOcclusion	UnityEngine.Rendering.ClampedFloatParameter	
VolumetricCloudsProperties	9	m_ErosionCurve	UnityEngine.Rendering.AnimationCurveParameter	
VolumetricCloudsProperties	10	m_AmbientOcclusionCurve	UnityEngine.Rendering.AnimationCurveParameter	
VolumetricCloudsProperties	11	m_MultiScattering	UnityEngine.Rendering.ClampedFloatParameter	
VolumetricCloudsProperties	12	m_InterpolationMode	Game.Prefabs.Climate.OverrideablePropertiesComponent+InterpolationMode	
VolumetricCloudsProperties	13	m_InterpolationTime	System.Single	
WatercraftPrefab	0			
WatercraftPrefab	1	m_SizeClass	Game.Vehicles.SizeClass	
WatercraftPrefab	2	m_EnergyType	Game.Vehicles.EnergyTypes	
WatercraftPrefab	3	m_MaxSpeed	System.Single	
WatercraftPrefab	4	m_Acceleration	System.Single	
WatercraftPrefab	5	m_Braking	System.Single	
WatercraftPrefab	6	m_Turning	Unity.Mathematics.float2	
WatercraftPrefab	7	m_AngularAcceleration	System.Single	
WatercraftPrefab	8	m_Meshes	Game.Prefabs.ObjectMeshInfo[]	
WatercraftPrefab	9	m_Circular	System.Boolean	
WaterLevelChangeComponent	0			
WaterLevelChangeComponent	1	m_TargetType	Game.Prefabs.WaterLevelTargetType	
WaterLevelChangeComponent	2	m_ChangeType	Game.Prefabs.WaterLevelChangeType	
WaterLevelChangeComponent	3	m_EscalationDelay	System.Single	
WaterLevelChangeComponent	4	m_Evacuate	System.Boolean	
WaterLevelChangeComponent	5	m_StayIndoors	System.Boolean	
WaterLevelChangeComponent	6	m_DangerLevel	System.Single	How dangerous the disaster is for the cims in the city. Determines how likely cims will leave shelter while the disaster is ongoing
WaterPipeConnection	0			
WaterPipeConnection	1	m_FreshCapacity	System.Int32	
WaterPipeConnection	2	m_SewageCapacity	System.Int32	
WaterPipeConnection	3	m_StormCapacity	System.Int32	
WaterPipeOutsideConnection	0			
WaterPipeParametersPrefab	0			
WaterPipeParametersPrefab	1	m_WaterService	Game.Prefabs.PrefabBase	
WaterPipeParametersPrefab	2	m_WaterNotification	Game.Prefabs.NotificationIconPrefab	
WaterPipeParametersPrefab	3	m_DirtyWaterNotification	Game.Prefabs.NotificationIconPrefab	
WaterPipeParametersPrefab	4	m_SewageNotification	Game.Prefabs.NotificationIconPrefab	
WaterPipeParametersPrefab	5	m_WaterPipeNotConnectedNotification	Game.Prefabs.NotificationIconPrefab	
WaterPipeParametersPrefab	6	m_SewagePipeNotConnectedNotification	Game.Prefabs.NotificationIconPrefab	
WaterPipeParametersPrefab	7	m_NotEnoughWaterCapacityNotification	Game.Prefabs.NotificationIconPrefab	
WaterPipeParametersPrefab	8	m_NotEnoughSewageCapacityNotification	Game.Prefabs.NotificationIconPrefab	
WaterPipeParametersPrefab	9	m_NotEnoughGroundwaterNotification	Game.Prefabs.NotificationIconPrefab	
WaterPipeParametersPrefab	10	m_NotEnoughSurfaceWaterNotification	Game.Prefabs.NotificationIconPrefab	
WaterPipeParametersPrefab	11	m_DirtyWaterPumpNotification	Game.Prefabs.NotificationIconPrefab	
WaterPipeParametersPrefab	12	m_WaterAndSewageAssetMenuPrefab	Game.Prefabs.UIAssetMenuPrefab	
WaterPipeParametersPrefab	13	m_GroundwaterReplenish	System.Single	
WaterPipeParametersPrefab	14	m_GroundwaterPurification	System.Int32	How much the groundwater cell purifies itself per tick (2048 ticks per day)
WaterPipeParametersPrefab	15	m_GroundwaterUsageMultiplier	System.Single	
WaterPipeParametersPrefab	16	m_GroundwaterPumpEffectiveAmount	System.Single	
WaterPipeParametersPrefab	17	m_SurfaceWaterUsageMultiplier	System.Single	
WaterPipeParametersPrefab	18	m_SurfaceWaterPumpEffectiveDepth	System.Single	
WaterPipeParametersPrefab	19	m_MaxToleratedPollution	System.Single	If the fresh water pollution exceeds this percentage, notifications will be shown on the pump/consumer
WaterPipeParametersPrefab	20	m_WaterPipePollutionSpreadInterval	System.Int32	The interval at which pollution spreads in pipes. Higher numbers = slower spread and faster cleanup
WaterPipeParametersPrefab	21	m_StaleWaterPipePurification	System.Single	How much pollution is removed from water pipes without any flow, per tick
WaterPowered	0			
WaterPowered	1	m_ProductionFactor	System.Single	
WaterPowered	2	m_CapacityFactor	System.Single	
WaterPumpingStation	0			
WaterPumpingStation	1	m_Capacity	System.Int32	
WaterPumpingStation	2	m_Purification	System.Single	
WaterPumpingStation	3	m_AllowedWaterTypes	Game.Prefabs.AllowedWaterTypes	
WaterRenderSettingsPrefab	0			
WaterRenderSettingsPrefab	1	m_FoamAmount	System.Single	
WaterRenderSettingsPrefab	2	m_FoamFadeRange	Unity.Mathematics.float2	
WaterRenderSettingsPrefab	3	m_WavesMultiplier	System.Single	
WaterRenderSettingsPrefab	4	m_LakeWavesMultiplier	System.Single	
WaterRenderSettingsPrefab	5	m_MinWaterAmountForWaves	System.Single	
WaterRenderSettingsPrefab	6	m_CausticsPlaneDistance	System.Single	
WaterRenderSettingsPrefab	7	m_CausticsIntensity	System.Single	
WaterRenderSettingsPrefab	8	m_RipplesWindSpeed	System.Single	
WaterRenderSettingsPrefab	9	m_RipplesChaos	System.Single	
WaterRenderSettingsPrefab	10	m_SmoothnessClose	System.Single	
WaterRenderSettingsPrefab	11	m_SmoothnessDistant	System.Single	
WaterRenderSettingsPrefab	12	m_SmoothnessRange	Unity.Mathematics.float2	
WaterRenderSettingsPrefab	13	m_WaterColor	UnityEngine.Color	
WaterRenderSettingsPrefab	14	m_AbsorptionDistance	System.Single	
WaterRenderSettingsPrefab	15	m_MaxRefractionDistance	System.Single	
WaterRenderSettingsPrefab	16	m_WaterScatteringColor	UnityEngine.Color	
WaterRenderSettingsPrefab	17	m_AmbientScattering	System.Single	
WaterRenderSettingsPrefab	18	m_HeightScattering	System.Single	
WaterRenderSettingsPrefab	19	m_DisplacementScattering	System.Single	
WaterRenderSettingsPrefab	20	m_DirectLightTipScattering	System.Single	
WaterRenderSettingsPrefab	21	m_DirectLightBodyScattering	System.Single	
WaterRenderSettingsPrefab	22	m_SeaWindAffectWavesDirection	System.Boolean	
WaterSource	0			
WaterSource	1	m_Radius	System.Single	
WaterSource	2	m_Height	System.Single	
WaterSource	3	m_Polluted	System.Single	
WaterTower	0			
WaterwayPrefab	0			
WaterwayPrefab	1	m_SpeedLimit	System.Single	
WaterwayPrefab	2	m_Sections	Game.Prefabs.NetSectionInfo[]	
WaterwayPrefab	3	m_EdgeStates	Game.Prefabs.NetEdgeStateInfo[]	
WaterwayPrefab	4	m_NodeStates	Game.Prefabs.NetNodeStateInfo[]	
WaterwayPrefab	5	m_MaxSlopeSteepness	System.Single	
WaterwayPrefab	6	m_AggregateType	Game.Prefabs.AggregateNetPrefab	
WaterwayPrefab	7	m_StyleType	Game.Prefabs.GroupPrefab	
WaterwayPrefab	8	m_InvertMode	Game.Prefabs.CompositionInvertMode	
WeatherAudioPrefab	0			
WeatherAudioPrefab	1	m_WaterAmbientAudio	Game.Prefabs.EffectPrefab	The water ambient audio clip
WeatherAudioPrefab	2	m_WaterAudioIntensity	System.Single	The water audio's intensity that will be applied to the audio clip's volume
WeatherAudioPrefab	3	m_WaterFadeSpeed	System.Single	The water audio's fade in & fade out speed
WeatherAudioPrefab	4	m_WaterAudioEnabledZoom	System.Int32	The water audio will not be heard when the camera zoom is bigger than it
WeatherAudioPrefab	5	m_WaterAudioNearDistance	System.Int32	The near cell's index distance that can play the water audio 
WeatherAudioPrefab	6	m_LightningSoundSpeed	System.Single	The lightning sound speed that affect the delay
WeatherAudioPrefab	7	m_LightningAudio	Game.Prefabs.EffectPrefab	The lightning audio clip
WeatherObject	0			
WeatherObject	1	m_RequireSnow	System.Boolean	
WeatherObject	2	m_ForbidSnow	System.Boolean	
WeatherOverride	0			
WeatherOverride	1	m_Placeholders	Game.Prefabs.Climate.WeatherPrefab[]	
WeatherPhenomenon	0			
WeatherPhenomenon	1	m_OccurrenceProbability	System.Single	
WeatherPhenomenon	2	m_OccurenceTemperature	Colossal.Mathematics.Bounds1	
WeatherPhenomenon	3	m_OccurenceRain	Colossal.Mathematics.Bounds1	
WeatherPhenomenon	4	m_OccurenceCloudiness	Colossal.Mathematics.Bounds1	
WeatherPhenomenon	5	m_Duration	Colossal.Mathematics.Bounds1	
WeatherPhenomenon	6	m_PhenomenonRadius	Colossal.Mathematics.Bounds1	
WeatherPhenomenon	7	m_HotspotRadius	Colossal.Mathematics.Bounds1	
WeatherPhenomenon	8	m_LightningInterval	Colossal.Mathematics.Bounds1	
WeatherPhenomenon	9	m_HotspotInstability	System.Single	
WeatherPhenomenon	10	m_DamageSeverity	System.Single	
WeatherPhenomenon	11	m_DangerLevel	System.Single	How dangerous the disaster is for the cims in the city. Determines how likely cims will leave shelter while the disaster is ongoing
WeatherPhenomenon	12	m_Evacuate	System.Boolean	
WeatherPhenomenon	13	m_StayIndoors	System.Boolean	
WeatherPhenomenonMode	0			
WeatherPhenomenonMode	1	m_ModeDatas	Game.Prefabs.Modes.WeatherPhenomenonMode+ModeData[]	
WeatherPlaceholder	0			
WeatherPrefab	0			
WeatherPrefab	1	m_RandomizationLayer	Game.Prefabs.Climate.WeatherPrefab+RandomizationLayer	
WeatherPrefab	2	m_CloudinessRange	Unity.Mathematics.float2	
WeatherPrefab	3	m_Classification	Game.Simulation.ClimateSystem+WeatherClassification	
WeatherPrefab	4	<overrideableProperties>k__BackingField	System.Collections.Generic.IReadOnlyCollection`1[Game.Prefabs.Climate.OverrideablePropertiesComponent]	
WelfareOffice	0			
WhiteBalanceProperties	0			
WhiteBalanceProperties	1	m_Temperature	UnityEngine.Rendering.ClampedFloatParameter	
WhiteBalanceProperties	2	m_Tint	UnityEngine.Rendering.ClampedFloatParameter	
WhiteBalanceProperties	3	m_InterpolationMode	Game.Prefabs.Climate.OverrideablePropertiesComponent+InterpolationMode	
WhiteBalanceProperties	4	m_InterpolationTime	System.Single	
Wildlife	0			
Wildlife	1	m_TripLength	Colossal.Mathematics.Bounds1	
Wildlife	2	m_IdleTime	Colossal.Mathematics.Bounds1	
Wildlife	3	m_MinGroupMemberCount	System.Int32	
Wildlife	4	m_MaxGroupMemberCount	System.Int32	
Wildlife	5	m_PrimaryTravelMethod	Game.Creatures.AnimalTravelFlags	
WindPowered	0			
WindPowered	1	m_MaximumWind	System.Single	
WindPowered	2	m_Production	System.Int32	
Workplace	0			
Workplace	1	m_Workplaces	System.Int32	The max amount of workers for City Service Buildings. ATTENTION: the other companies' max amount of workers changed dynamically, the max amount of workers of them depend on the m_MaxWorkersPerCell of each company prefab data
Workplace	2	m_MinimumWorkersLimit	System.Int32	The minimum amount of workers of this workplace
Workplace	3	m_Complexity	Game.Prefabs.WorkplaceComplexity	
Workplace	4	m_EveningShiftProbability	System.Single	
Workplace	5	m_NightShiftProbability	System.Single	
Workplace	6	m_WorkConditions	System.Int32	Offset to employee happiness
WorkProviderParameterPrefab	0			
WorkProviderParameterPrefab	1	m_UneducatedNotificationPrefab	Game.Prefabs.NotificationIconPrefab	
WorkProviderParameterPrefab	2	m_EducatedNotificationPrefab	Game.Prefabs.NotificationIconPrefab	
WorkProviderParameterPrefab	3	m_UneducatedNotificationDelay	System.Int16	Delay in ticks for the 'missing uneducated workers' notification to appear (512 ticks per day)
WorkProviderParameterPrefab	4	m_EducatedNotificationDelay	System.Int16	Delay in ticks for the 'missing educated workers' notification to appear (512 ticks per day)
WorkProviderParameterPrefab	5	m_UneducatedNotificationLimit	System.Single	Percentage of uneducated workers missing for the 'missing uneducated workers' notification to show up
WorkProviderParameterPrefab	6	m_EducatedNotificationLimit	System.Single	Percentage of educated workers missing for the 'missing educated workers' notification to show up
WorkProviderParameterPrefab	7	m_SeniorEmployeeLevel	System.Int32	
WorkRoutePrefab	0			
WorkRoutePrefab	1	m_RouteRoadType	Game.Net.RoadTypes	
WorkRoutePrefab	2	m_SizeClass	Game.Vehicles.SizeClass	
WorkRoutePrefab	3	m_MapFeature	Game.Areas.MapFeature	
WorkRoutePrefab	4	m_Material	UnityEngine.Material	
WorkRoutePrefab	5	m_Width	System.Single	
WorkRoutePrefab	6	m_SegmentLength	System.Single	
WorkRoutePrefab	7	m_Color	UnityEngine.Color	
WorkRoutePrefab	8	m_LocaleID	System.String	
WorkStop	0			
WorkStop	1	m_RouteRoadType	Game.Net.RoadTypes	
WorkStop	2	m_WorkLocation	System.Boolean	
WorkVehicle	0			
WorkVehicle	1	m_WorkType	Game.Vehicles.VehicleWorkType	
WorkVehicle	2	m_MapFeature	Game.Areas.MapFeature	
WorkVehicle	3	m_Resources	Game.Economy.ResourceInEditor[]	
WorkVehicle	4	m_MaxWorkAmount	System.Single	
XPParametersPrefab	0			
XPParametersPrefab	1	m_XPPerPopulation	System.Single	
XPParametersPrefab	2	m_XPPerHappiness	System.Single	
ZoneBlockPrefab	0			
ZoneBlockPrefab	1	m_Material	UnityEngine.Material	
ZoneBlockPrefab	2	m_ZoneType	Game.Prefabs.ZonePrefab	
ZoneBuiltRequirementPrefab	0			
ZoneBuiltRequirementPrefab	1	m_RequiredTheme	Game.Prefabs.ThemePrefab	
ZoneBuiltRequirementPrefab	2	m_RequiredZone	Game.Prefabs.ZonePrefab	
ZoneBuiltRequirementPrefab	3	m_RequiredType	Game.Zones.AreaType	
ZoneBuiltRequirementPrefab	4	m_MinimumSquares	System.Int32	
ZoneBuiltRequirementPrefab	5	m_MinimumCount	System.Int32	
ZoneBuiltRequirementPrefab	6	m_MinimumLevel	System.Int32	
ZoneBuiltRequirementPrefab	7	m_LabelID	System.String	
ZonePollution	0			
ZonePollution	1	m_GroundPollution	System.Single	
ZonePollution	2	m_AirPollution	System.Single	
ZonePollution	3	m_NoisePollution	System.Single	
ZonePrefab	0			
ZonePrefab	1	m_AreaType	Game.Zones.AreaType	
ZonePrefab	2	m_Color	UnityEngine.Color	
ZonePrefab	3	m_Edge	UnityEngine.Color	
ZonePrefab	4	m_Office	System.Boolean	
ZonePreferencePrefab	0			
ZonePreferencePrefab	1	m_ResidentialSignificanceServices	System.Single	
ZonePreferencePrefab	2	m_ResidentialSignificanceWorkplaces	System.Single	
ZonePreferencePrefab	3	m_ResidentialSignificanceLandValue	System.Single	
ZonePreferencePrefab	4	m_ResidentialSignificancePollution	Unity.Mathematics.float3	The pollution factor that affect the residential suitability, x is the ground pollution, y is noise pollution, z is air pollution
ZonePreferencePrefab	5	m_ResidentialNeutralLandValue	System.Single	
ZonePreferencePrefab	6	m_CommercialSignificanceConsumers	System.Single	
ZonePreferencePrefab	7	m_CommercialSignificanceCompetitors	System.Single	
ZonePreferencePrefab	8	m_CommercialSignificanceWorkplaces	System.Single	
ZonePreferencePrefab	9	m_CommercialSignificanceLandValue	System.Single	
ZonePreferencePrefab	10	m_CommercialNeutralLandValue	System.Single	
ZonePreferencePrefab	11	m_IndustrialSignificanceInput	System.Single	
ZonePreferencePrefab	12	m_IndustrialSignificanceOutside	System.Single	
ZonePreferencePrefab	13	m_IndustrialSignificanceLandValue	System.Single	
ZonePreferencePrefab	14	m_IndustrialNeutralLandValue	System.Single	
ZonePreferencePrefab	15	m_OfficeSignificanceEmployees	System.Single	
ZonePreferencePrefab	16	m_OfficeSignificanceServices	System.Single	
ZoneProperties	0			
ZoneProperties	1	m_ScaleResidentials	System.Boolean	~If set TRUE the Zone Buildings will scale the amount of Residential Properties, based on Lot Size and the Building Level. If set to FALSE then this Zone Type will be LOW DENSITY
Amount of Apartments is calculated in the following formula:
 = (1f + 0.25f * (level - 1)) * buildingPrefab.lotSize * m_ResidentialProperties)~
ZoneProperties	2	m_ResidentialProperties	System.Single	~If SCALE RESIDENTIALS is set to TRUE, then this Zone type can be MEDIUM or HIGH DENSITY. Value here determines how many Apartments there are per cell of a building. This is then multiplied with Lot Size to get the total amount of Apartments in the building.
If SCALE RESIDENTIALS is set to FALSE, then this Zone type is LOW DENSITY. Amount of Apartments in the buildings are set by the value defined here. No other factor will be taken into consideration or will affect the amount of Apartments.~
ZoneProperties	3	m_SpaceMultiplier	System.Single	Space Multiplier represents the abstraction of amount of floors in a building. If the value on Space Multiplier is high the Apartments will be bigger. Does not affect how many Apartments are in a building. If value of Residential Properties is higher than Space Multiplier, then the zone type will be High Density, otherwise it will be Medium Density.
ZoneProperties	4	m_AllowedSold	Game.Economy.ResourceInEditor[]	The listed resources can be sold by the zone property.
ZoneProperties	5	m_AllowedInput	Game.Economy.ResourceInEditor[]	The listed resources can be used by the zone property. Can be left empty.
ZoneProperties	6	m_AllowedManufactured	Game.Economy.ResourceInEditor[]	The listed resources can be manufactured by the zone property.
ZoneProperties	7	m_AllowedStored	Game.Economy.ResourceInEditor[]	The listed resources can be stored by the zone property.
ZoneProperties	8	m_FireHazardMultiplier	System.Single	
ZoneProperties	9	m_IgnoreLandValue	System.Boolean	The rent price of this zone type won't be affected by land value, for example low rent residential building
ZoneProperties	10	m_LevelUpResources	Game.Prefabs.LevelUpResource[]	
ZoneServiceConsumption	0			
ZoneServiceConsumption	1	m_Upkeep	System.Single	
ZoneServiceConsumption	2	m_ElectricityConsumption	System.Single	
ZoneServiceConsumption	3	m_WaterConsumption	System.Single	
ZoneServiceConsumption	4	m_GarbageAccumulation	System.Single	
ZoneServiceConsumption	5	m_TelecomNeed	System.Single	
ZoneServiceConsumptionGlobalMode	0			
ZoneServiceConsumptionGlobalMode	1	m_UpkeepMultiplier	System.Single	
ZoneServiceConsumptionGlobalMode	2	m_ElectricityConsumptionMultiplier	System.Single	
ZoneServiceConsumptionGlobalMode	3	m_WaterConsumptionMultiplier	System.Single	
ZoneServiceConsumptionGlobalMode	4	m_GarbageAccumlationMultiplier	System.Single	
ZoneServiceConsumptionGlobalMode	5	m_TelecomNeedMultiplier	System.Single	
ZoneServiceConsumptionGlobalMode	6	m_OriginalConsumptionData	System.Collections.Generic.Dictionary`2[Unity.Entities.Entity,Game.Prefabs.ConsumptionData]	
ZoneSuitabilityInfomodePrefab	0			
ZoneSuitabilityInfomodePrefab	1	m_AreaType	Game.Zones.AreaType	
ZoneSuitabilityInfomodePrefab	2	m_Office	System.Boolean	
ZoneSuitabilityInfomodePrefab	3	m_Low	UnityEngine.Color	
ZoneSuitabilityInfomodePrefab	4	m_Medium	UnityEngine.Color	
ZoneSuitabilityInfomodePrefab	5	m_High	UnityEngine.Color	
ZoneSuitabilityInfomodePrefab	6	m_Steps	System.Int32	
ZoneSuitabilityInfomodePrefab	7	m_LegendType	Game.Prefabs.GradientLegendType	
ZoneSuitabilityInfomodePrefab	8	m_LowLabelId	System.String	Good, Bad, Low, High, Weak, Strong, Old, Young
ZoneSuitabilityInfomodePrefab	9	m_MediumLabelId	System.String	
ZoneSuitabilityInfomodePrefab	10	m_HighLabelId	System.String	Good, Bad, Low, High, Weak, Strong, Old, Young
ZoneSuitabilityInfomodePrefab	11	m_IncludeInGroups	Game.Prefabs.InfomodeGroupPrefab[]	
ZoneSuitabilityInfomodePrefab	12	m_Priority	System.Int32	
ZoneSuitabilityInfomodePrefab	13	editor	System.Boolean	
